"ID","Name","LongName","Parent","Component","CC","CCL","CCO","CI","CLC","CLLC","LDC","LLDC","AD","CD","CLOC","PDA","PUA","TAD","TCD","TCLOC","TPDA","TPUA","LLOC","LOC","NA","NCL","NEN","NG","NIN","NM","NPA","NPKG","NPM","NS","TLLOC","TLOC","TNA","TNCL","TNDI","TNEN","TNFI","TNG","TNIN","TNM","TNOS","TNPA","TNPCL","TNPEN","TNPIN","TNPKG","TNPM","TNS","WarningBlocker","WarningCritical","WarningInfo","WarningMajor","WarningMinor","Anti Pattern","Bad Practice Rules","Best Practice Rules","Code Style Rules","Correctness Rules","Design Rules","Design Pattern","Documentation Rules","Dodgy Code Rules","Error Prone Rules","Experimental Rules","Internationalization Rules","Multithreaded Correctness Rules","Multithreading Rules","Optimization Rules","Performance Rules","Runtime Rules","Security Code Guideline Rules","Security Rules","Vulnerability Rules"
"L100","<root_package>","<root_package>","__LogicalRoot__","L103","0.0821776","134","435","324","0.0555035","0.0796366","4085","3454","0","0","0","0","0","0.599188","0.294266","18085","885","592","0","0","0","0","0","0","0","0","0","5","0","0","43373","73599","923","1040","239","13","694","549","102","5189","13506","90","252","9","64","73","1691","39","0","40","15576","1085","3288","255","0","2411","810","0","452","0","260","0","420","0","0","0","1","0","59","0","0","0","0"
"L104","example","example","L100","L103","0.0657143","5","11","11","0.26506","0.288462","44","30","0.166667","0.328192","383","1","5","0.26087","0.357189","549","6","17","784","1416","8","31","0","4","0","100","0","4","10","0","988","1881","10","37","15","0","34","5","6","126","151","1","6","0","3","4","30","0","0","3","468","31","99","0","0","81","29","0","5","0","14","0","4","0","0","0","0","0","0","0","0","0","0"
"L1151","extensions","extensions","L100","L103","0","0","0","0","0","0","0","0","0","0.230769","9","0","4","0","0.230769","9","0","4","30","50","0","1","0","1","0","3","0","0","2","0","30","50","0","1","11","0","1","1","0","3","3","0","1","0","0","0","2","0","0","0","13","0","1","0","0","0","1","0","0","0","0","0","0","0","0","0","0","0","0","0","0","0","0"
"L1173","org","org","L100","L103","0.0826872","129","424","313","0.0553729","0.0797739","3958","3373","0","0","0","0","0","0.607884","0.292347","17468","879","567","0","0","0","0","0","0","0","0","0","1","0","0","42283","71479","913","997","222","13","652","543","96","5050","13346","89","244","9","61","64","1656","39","0","37","15068","1048","3182","255","0","2323","777","0","447","0","244","0","416","0","0","0","1","0","59","0","0","0","0"
"L25875","unnamed package","unnamed package","L100","L103","0","0","0","0","0","0","0","0","0","0.666667","32","0","0","0","0.666667","32","0","0","16","84","0","2","0","0","0","2","0","0","0","0","16","84","0","2","16","0","4","0","0","2","0","0","0","0","0","0","0","0","0","0","0","2","2","0","0","2","2","0","0","0","0","0","0","0","0","0","0","0","0","0","0","0","0"
"L25892","standalone","standalone","L100","L103","0","0","0","0","0","0","0","0","0","0.325301","27","0","4","0","0.325301","27","0","4","56","105","0","3","0","0","0","8","0","0","3","0","56","105","0","3","11","0","3","0","0","8","6","0","1","0","0","0","3","0","0","0","27","4","4","0","0","5","1","0","0","0","2","0","0","0","0","0","0","0","0","0","0","0","0"
"L266","defaultmethods","example.defaultmethods","L104","L103","0","0","0","0","0","0","0","0","0.25","0.39823","45","3","9","0.25","0.39823","45","3","9","68","144","0","1","0","0","3","12","0","0","12","0","68","144","0","1","12","0","4","0","3","12","19","0","0","0","3","0","12","0","0","1","36","0","6","0","0","6","0","0","0","0","0","0","1","0","0","0","0","0","0","0","0","0","0"
"L522","exception","example.exception","L104","L103","0","0","0","0","0","0","0","0","0.5","0.415094","22","1","1","0.5","0.415094","22","1","1","31","68","0","2","0","0","0","3","0","0","1","0","31","68","0","2","12","0","2","0","0","3","5","0","1","0","0","0","1","0","0","0","11","3","0","0","0","2","0","0","1","0","0","0","0","0","0","0","0","0","0","0","0","0","0"
"L921","testinterface","example.testinterface","L104","L103","0.199422","2","3","3","0","0","0","0","0","0.492308","64","0","0","0","0.492308","64","0","0","66","161","1","1","0","0","3","6","1","0","5","0","66","161","1","1","12","0","4","0","3","6","6","1","0","0","0","0","5","0","0","0","60","0","2","0","0","1","1","0","0","0","0","0","0","0","0","0","0","0","0","0","0","0","0"
"L1046","timing","example.timing","L104","L103","0","0","0","0","0","0","0","0","0.333333","0.472973","35","1","2","0.333333","0.472973","35","1","2","39","92","1","2","0","1","0","5","0","0","2","0","39","92","1","2","12","0","2","1","0","5","8","0","1","0","0","0","2","0","0","0","13","4","0","0","0","2","0","0","2","0","0","0","0","0","0","0","0","0","0","0","0","0","0"
"L1174","junit","org.junit","L1173","L103","0.0826872","129","424","313","0","0","0","0","0","0.189474","18","0","0","0.607884","0.292347","17468","879","567","77","107","1","1","0","0","0","3","0","4","0","0","42283","71479","913","997","222","13","652","543","96","5050","13346","89","244","9","61","63","1656","39","0","37","15068","1048","3182","255","0","2323","777","0","447","0","244","0","416","0","0","0","1","0","59","0","0","0","0"
"L1182","jupiter","org.junit.jupiter","L1174","L103","0.085953","68","236","160","0","0","0","0","1","0.675676","25","1","0","0.673395","0.28154","8228","367","178","12","41","0","1","0","0","0","0","0","5","0","0","20997","34898","355","517","92","4","315","170","43","2480","6357","32","95","2","31","23","634","8","0","18","7521","459","1597","89","0","1168","397","0","94","0","127","0","231","0","0","0","0","0","57","0","0","0","0"
"L13379","platform","org.junit.platform","L1174","L103","0.0854129","55","169","134","0","0","0","0","1","0.666667","24","1","0","0.605469","0.30699","7866","465","303","12","40","0","1","0","0","0","0","0","7","0","0","17757","30723","486","377","116","9","247","351","47","2199","5973","50","92","7","26","27","898","31","0","17","6475","524","1406","160","0","1040","307","0","316","0","112","0","171","0","0","0","1","0","0","0","0","0","0"
"L23962","vintage","org.junit.vintage","L1174","L103","0.056934","8","19","19","0.0435359","0.0570712","230","182","0","0","0","0","0","0.353383","0.280298","1242","47","86","0","0","0","0","0","0","0","0","0","1","0","0","3189","5283","64","96","30","0","82","19","5","325","919","7","57","0","4","8","119","0","0","0","974","63","163","6","0","112","59","0","37","0","5","0","13","0","0","0","0","0","0","0","0","0","0"
"L25593","api","org.junit.api","L1174","L103","0","0","0","0","0","0","0","0","0","0","0","0","0","0","0.302387","114","0","0","0","0","0","0","0","0","0","0","0","1","0","0","263","468","7","6","14","0","7","3","1","43","75","0","0","0","0","1","5","0","0","1","89","1","13","0","0","1","11","0","0","0","0","0","1","0","0","0","0","0","2","0","0","0","0"
"L1191","api","org.junit.jupiter.api","L1182","L103","0.105842","32","144","68","0","0","0","0","0.988235","0.295873","2538","168","2","0.928839","0.3664","3760","248","19","6040","9817","14","46","1","12","3","706","2","2","150","1","6502","11781","21","53","25","1","86","35","22","783","2378","3","11","1","22","2","220","1","0","4","1933","91","514","54","0","297","188","0","31","0","8","0","71","0","0","0","0","0","14","0","0","0","0"
"L4835","engine","org.junit.jupiter.engine","L1182","L103","0.101802","36","92","92","0","0","0","0","0.545455","0.178879","747","6","5","0.395939","0.210144","3037","78","119","3429","4890","56","102","0","12","3","378","5","5","62","0","11415","17614","239","367","35","0","147","108","14","1336","3313","8","57","0","3","10","325","7","0","11","4553","326","864","31","0","721","153","0","47","0","112","0","145","0","0","0","0","0","23","0","0","0","0"
"L11314","migrationsupport","org.junit.jupiter.migrationsupport","L1182","L103","0","0","0","0","0","0","0","0","1","0.666667","24","1","0","0.297872","0.313822","445","14","33","12","40","0","1","0","0","0","0","0","1","0","0","973","1778","55","49","24","0","35","12","2","108","173","11","20","0","2","3","31","0","0","1","401","15","80","0","0","42","19","0","10","0","3","0","3","0","0","0","0","0","19","0","0","0","0"
"L11879","params","org.junit.jupiter.params","L1182","L103","0","0","0","0","0","0","0","0","1","0.248447","200","2","0","0.892857","0.320392","949","25","3","605","952","8","18","0","14","0","69","0","3","22","0","2013","3571","39","45","25","3","45","14","5","243","472","10","5","1","4","3","53","0","0","2","603","27","138","4","0","108","36","0","6","0","4","0","12","0","0","0","0","0","1","0","0","0","0"
"L13309","extensions","org.junit.jupiter.extensions","L1182","L103","0","0","0","0","0","0","0","0","0.2","0.12766","12","1","4","0.2","0.12766","12","1","4","82","113","1","2","0","1","0","10","0","0","5","0","82","113","1","2","14","0","1","1","0","10","21","0","1","0","0","0","5","0","0","0","31","0","1","0","0","0","1","0","0","0","0","0","0","0","0","0","0","0","0","0","0","0","0"
"L13382","commons","org.junit.platform.commons","L13379","L103","0.0372642","4","20","9","0","0","0","0","0.333333","0.631579","24","1","2","0.837037","0.297071","1947","113","22","14","49","1","1","0","0","0","2","0","4","2","0","4607","7820","72","118","28","2","43","57","20","602","1469","12","22","2","1","4","174","0","0","12","1598","162","486","48","0","371","76","0","105","0","64","0","44","0","0","0","0","0","0","0","0","0","0"
"L16516","console","org.junit.platform.console","L13379","L103","0.0904598","13","38","32","0","0","0","0","0.285714","0.171073","110","2","5","0.120482","0.180049","814","10","73","533","770","23","12","0","18","0","62","0","3","27","0","3707","5429","158","50","27","3","46","61","1","411","1267","15","7","2","1","3","146","25","0","3","1529","92","302","12","0","220","84","0","47","0","8","0","37","0","0","0","1","0","0","0","0","0","0"
"L19033","engine","org.junit.platform.engine","L13379","L103","0.146957","26","85","67","0","0","0","0","0.892157","0.520522","1116","91","11","0.579075","0.394221","3138","238","173","1028","2514","43","20","2","39","11","160","8","4","101","1","4822","9537","143","89","40","3","92","127","20","677","1657","19","45","3","18","8","383","5","0","1","1732","133","367","77","0","273","76","0","89","0","14","0","49","0","0","0","0","0","0","0","0","0","0"
"L21639","launcher","org.junit.platform.launcher","L13379","L103","0.0458208","5","10","10","0","0","0","0","0.78125","0.52819","712","50","14","0.760684","0.346154","1350","89","28","636","1554","26","19","1","18","4","83","2","3","57","0","2550","4642","83","59","26","1","39","76","6","300","847","4","14","0","6","3","160","0","0","1","828","41","154","18","0","97","41","0","21","0","12","0","25","0","0","0","0","0","0","0","0","0","0"
"L23029","runner","org.junit.platform.runner","L13379","L103","0.13708","6","14","14","0","0","0","0","0.2","0.104021","119","1","4","0.2","0.104021","119","1","4","1025","1428","12","34","0","22","0","103","0","0","22","0","1025","1428","12","34","22","0","6","22","0","103","416","0","1","0","0","0","22","0","0","0","503","49","25","3","0","21","13","0","27","0","0","0","13","0","0","0","0","0","0","0","0","0","0"
"L23535","suite","org.junit.platform.suite","L13379","L103","0","0","0","0","0","0","0","0","0","0","0","0","0","1","0.625251","312","11","0","0","0","0","0","0","0","0","0","0","1","0","0","187","587","0","0","15","0","12","0","0","10","0","0","0","0","0","1","0","0","0","0","0","0","0","0","0","0","0","0","0","0","0","0","0","0","0","0","0","0","0","0","0","0","0"
"L23579","surefire","org.junit.platform.surefire","L13379","L103","0.0228041","1","2","2","0.0193548","0.0212515","24","18","0","0","0","0","0","0.4","0.160555","162","2","3","0","0","0","0","0","0","0","0","0","1","0","0","847","1240","18","26","22","0","8","8","0","96","317","0","2","0","0","1","13","1","0","0","285","47","72","2","0","58","17","0","27","0","14","0","3","0","0","0","0","0","0","0","0","0","0"
"L23963","engine","org.junit.vintage.engine","L23962","L103","0.056934","8","19","19","0","0","0","0","0.2","0.208005","317","6","24","0.353383","0.280298","1242","47","86","1207","1670","7","13","0","7","0","108","0","5","33","0","3189","5283","64","96","30","0","82","19","5","325","919","7","57","0","4","7","119","0","0","0","974","63","163","6","0","112","59","0","37","0","5","0","13","0","0","0","0","0","0","0","0","0","0"
"L25594","tools","org.junit.api.tools","L25593","L103","0","0","0","0","0","0","0","0","0","0.302387","114","0","0","0","0.302387","114","0","0","263","468","7","6","0","3","1","43","0","0","5","0","263","468","7","6","14","0","7","3","1","43","75","0","0","0","0","0","5","0","0","1","89","1","13","0","0","1","11","0","0","0","0","0","1","0","0","0","0","0","2","0","0","0","0"
"L3242","extension","org.junit.jupiter.api.extension","L1191","L103","0.0205993","1","3","1","0","0","0","0","0.824176","0.717518","1110","75","16","0.824176","0.717518","1110","75","16","437","1804","7","7","0","23","16","74","1","0","67","0","437","1804","7","7","24","0","24","23","16","74","51","1","6","0","16","0","67","0","0","0","87","7","14","7","0","1","3","0","8","0","8","0","1","0","0","0","0","0","0","0","0","0","0"
"L3711","function","org.junit.jupiter.api.function","L1191","L103","0","0","0","0","0","0","0","0","0.833333","0.817518","112","5","1","0.833333","0.817518","112","5","1","25","160","0","0","0","0","3","3","0","0","3","0","25","160","0","0","15","0","4","0","3","3","0","0","0","0","3","0","3","0","0","0","3","0","0","1","0","0","0","0","0","0","0","0","0","0","0","0","0","0","0","0","0","0","0"
"L4879","descriptor","org.junit.jupiter.engine.descriptor","L4835","L103","0","0","0","0","0","0","0","0","0.287879","0.198456","437","19","47","0.323944","0.212533","485","23","48","1765","2742","40","42","0","53","0","225","3","1","75","1","1797","2846","40","48","23","0","29","53","0","229","473","3","20","0","0","1","75","1","0","0","594","33","120","5","0","66","30","0","16","0","32","0","9","0","0","0","0","0","0","0","0","0","0"
"L6275","discovery","org.junit.jupiter.engine.discovery","L4835","L103","0.0855312","5","11","11","0","0","0","0","0.222222","0.170696","233","2","7","0.391304","0.220941","479","9","14","1132","1698","21","24","0","6","1","124","0","1","13","0","1689","2754","39","66","24","0","32","6","1","204","514","0","9","0","0","1","25","0","0","0","651","47","134","4","0","110","17","0","4","0","36","0","14","0","0","0","0","0","0","0","0","0","0"
"L7391","execution","org.junit.jupiter.engine.execution","L4835","L103","0.012889","2","3","3","0","0","0","0","0.404255","0.23125","444","19","28","0.38961","0.272046","617","30","47","1476","2362","54","32","0","25","4","169","0","1","59","0","1651","2789","55","42","24","0","29","25","4","188","572","0","17","0","3","2","78","0","0","0","510","15","108","9","0","76","27","0","7","0","1","0","10","0","0","0","0","0","2","0","0","0","0"
"L8487","extension","org.junit.jupiter.engine.extension","L4835","L103","0.13254","10","26","26","0","0","0","0","0.888889","0.187302","590","8","1","0.75","0.18951","607","9","3","2560","3833","48","97","0","12","5","305","0","1","76","6","2596","3900","48","98","23","0","24","12","5","308","698","0","3","0","0","1","77","6","0","3","1113","93","169","3","0","167","24","0","5","0","16","0","48","0","0","0","0","0","5","0","0","0","0"
"L9842","bridge","org.junit.jupiter.engine.bridge","L4835","L103","0","0","0","0","0","0","0","0","0.333333","0.287324","102","1","2","0.333333","0.287324","102","1","2","253","435","1","11","0","0","1","29","0","0","8","0","253","435","1","11","15","0","8","0","1","29","67","0","3","0","0","0","8","0","0","0","98","13","42","0","0","44","7","0","3","0","0","0","1","0","0","0","0","0","0","0","0","0","0"
"L11324","rules","org.junit.jupiter.migrationsupport.rules","L11314","L103","0","0","0","0","0","0","0","0","0.2","0.269373","292","5","20","0.282609","0.304631","421","13","33","792","1350","53","40","0","10","0","86","11","2","16","0","961","1738","55","48","24","0","34","12","2","108","173","11","19","0","2","2","31","0","0","1","401","15","80","0","0","42","19","0","10","0","3","0","3","0","0","0","0","0","19","0","0","0","0"
"L11904","converter","org.junit.jupiter.params.converter","L11879","L103","0","0","0","0","0","0","0","0","0.7","0.339775","211","7","3","0.7","0.339775","211","7","3","410","725","7","9","0","0","2","41","1","0","14","0","410","725","7","9","22","0","10","0","2","41","80","1","3","0","1","0","14","0","0","0","99","3","6","1","0","5","2","0","2","0","0","0","0","0","0","0","0","0","0","0","0","0","0"
"L12431","provider","org.junit.jupiter.params.provider","L11879","L103","0","0","0","0","0","0","0","0","1","0.340751","490","13","0","1","0.340751","490","13","0","948","1778","23","17","3","0","2","129","9","0","16","0","948","1778","23","17","22","3","22","0","2","129","252","9","0","1","2","0","16","0","0","0","305","12","85","3","0","65","24","0","1","0","0","0","7","0","0","0","0","0","0","0","0","0","0"
"L13093","support","org.junit.jupiter.params.support","L11879","L103","0","0","0","0","0","0","0","0","1","0.489796","48","3","0","1","0.489796","48","3","0","50","116","1","1","0","0","1","4","0","0","1","0","50","116","1","1","15","0","3","0","1","4","9","0","1","0","1","0","1","0","0","1","7","1","1","0","0","1","1","0","1","0","0","0","0","0","0","0","0","0","0","0","0","0","0"
"L13393","annotation","org.junit.platform.commons.annotation","L13382","L103","0","0","0","0","0","0","0","0","1","0.782051","61","1","0","1","0.782051","61","1","0","17","86","0","0","0","0","0","0","0","0","0","0","17","86","0","0","15","0","2","0","0","0","0","0","0","0","0","0","0","0","0","0","0","0","0","0","0","0","0","0","0","0","0","0","0","0","0","0","0","0","0","0","0","0","0"
"L13405","logging","org.junit.platform.commons.logging","L13382","L103","0","0","0","0","0","0","0","0","1","0.473251","115","15","0","1","0.473251","115","15","0","128","297","3","2","0","1","1","30","0","0","25","0","128","297","3","2","15","0","3","1","1","30","40","0","1","0","1","0","25","0","0","0","36","0","0","3","0","0","0","0","0","0","0","0","0","0","0","0","0","0","0","0","0","0","0"
"L13555","support","org.junit.platform.commons.support","L13382","L103","0","0","0","0","0","0","0","0","1","0.542636","280","17","0","1","0.542636","280","17","0","236","588","7","5","1","0","0","29","4","0","14","0","236","588","7","5","24","1","6","0","0","29","47","4","2","1","0","0","14","0","0","0","51","0","26","1","0","22","2","0","0","0","2","0","0","0","0","0","0","0","0","0","0","0","0"
"L13750","util","org.junit.platform.commons.util","L13382","L103","0.0408722","4","20","9","0","0","0","0","0.79798","0.25832","1467","79","20","0.79798","0.25832","1467","79","20","4212","6800","61","110","1","56","19","541","8","0","133","0","4212","6800","61","110","24","1","30","56","19","541","1380","8","18","1","0","0","133","0","0","12","1506","162","460","42","0","349","74","0","105","0","62","0","44","0","0","0","0","0","0","0","0","0","0"
"L16666","options","org.junit.platform.console.options","L16516","L103","0.216906","7","19","19","0.147541","0.178571","36","30","0.0985916","0.241379","315","7","64","0.0985916","0.241379","315","7","64","990","1518","59","11","2","23","1","134","6","0","76","24","990","1518","59","11","24","2","13","23","1","134","211","6","2","2","1","0","76","24","0","1","741","22","165","7","0","158","8","0","7","0","2","0","13","0","0","0","0","0","0","0","0","0","0"
"L17323","tasks","org.junit.platform.console.tasks","L16516","L103","0.0496282","5","17","11","0","0","0","0","0.333333","0.146006","371","1","2","0.333333","0.146006","371","1","2","2170","3097","76","25","1","20","0","213","9","0","43","1","2170","3097","76","25","24","1","23","20","0","213","875","9","1","0","0","0","43","1","0","2","597","62","96","4","0","46","53","0","38","0","0","0","22","0","0","0","1","0","0","0","0","0","0"
"L19023","subpackage","org.junit.platform.console.subpackage","L16516","L103","0","0","0","0","0","0","0","0","0","0.5625","18","0","2","0","0.5625","18","0","2","14","44","0","2","0","0","0","2","0","0","0","0","14","44","0","2","15","0","2","0","0","2","0","0","2","0","0","0","0","0","0","0","10","2","4","0","0","2","2","0","0","0","2","0","0","0","0","0","0","0","0","0","0","0","0"
"L19134","discovery","org.junit.platform.engine.discovery","L19033","L103","0.238661","11","31","29","0","0","0","0","0.859375","0.407795","858","55","9","0.859375","0.407795","858","55","9","1246","2461","22","19","0","18","3","168","1","0","67","0","1246","2461","22","19","24","0","21","18","3","168","468","1","10","0","2","0","67","0","0","0","529","59","154","16","0","133","10","0","38","0","10","0","22","0","0","0","0","0","0","0","0","0","0"
"L19857","reporting","org.junit.platform.engine.reporting","L19033","L103","0","0","0","0","0","0","0","0","0.833333","0.516484","47","5","1","0.833333","0.516484","47","5","1","44","108","2","1","0","2","0","6","0","0","5","0","44","108","2","1","15","0","2","2","0","6","16","0","1","0","0","0","5","0","0","0","6","0","2","0","0","0","2","0","0","0","0","0","0","0","0","0","0","0","0","0","0","0","0"
"L19885","support","org.junit.platform.engine.support","L19033","L103","0.17727","15","47","35","0.0928515","0.138996","352","288","0","0","0","0","0","0.516129","0.3301","1021","80","75","0","0","0","0","0","0","0","0","0","3","0","0","2072","3791","62","42","29","0","40","43","6","257","758","0","21","0","6","3","134","4","0","1","706","58","133","12","0","90","36","0","46","0","3","0","17","0","0","0","0","0","0","0","0","0","0"
"L21216","test","org.junit.platform.engine.test","L19033","L103","0.0110565","1","1","1","0","0","0","0","0.230769","0.346154","36","3","10","0.0833333","0.181818","96","7","77","68","131","5","3","0","3","0","10","4","1","10","0","432","663","14","7","16","1","7","25","0","86","103","10","7","1","0","1","76","0","0","0","228","3","7","21","0","0","8","0","1","0","1","0","0","0","0","0","0","0","0","0","0","0","0"
"L21664","core","org.junit.platform.launcher.core","L21639","L103","0.0419649","2","4","4","0","0","0","0","0.916667","0.2335","421","11","1","0.916667","0.2335","421","11","1","1382","2184","32","31","0","18","0","142","2","0","44","0","1382","2184","32","31","24","0","17","18","0","142","513","2","4","0","0","0","44","0","0","1","428","27","69","7","0","39","19","0","14","0","5","0","20","0","0","0","0","0","0","0","0","0","0"
"L22414","listeners","org.junit.platform.launcher.listeners","L21639","L103","0","0","0","0","0","0","0","0","0.7","0.346014","191","28","12","0.7","0.346014","191","28","12","361","666","23","4","0","37","2","64","0","0","56","0","361","666","23","4","15","0","5","37","2","64","84","0","2","0","2","0","56","0","0","0","104","0","16","2","0","0","15","0","1","0","0","0","0","0","0","0","0","0","0","0","0","0","0"
"L22820","listener","org.junit.platform.launcher.listener","L21639","L103","0","0","0","0","0","0","0","0","0","0.13198","26","0","1","0","0.13198","26","0","1","171","238","2","5","0","3","0","11","0","0","3","0","171","238","2","5","15","0","2","3","0","11","74","0","1","0","0","0","3","0","0","0","39","4","9","0","0","8","2","0","3","0","0","0","0","0","0","0","0","0","0","0","0","0","0"
"L23536","api","org.junit.platform.suite.api","L23535","L103","0","0","0","0","0","0","0","0","1","0.625251","312","11","0","1","0.625251","312","11","0","187","587","0","0","0","0","0","10","0","0","0","0","187","587","0","0","15","0","12","0","0","10","0","0","0","0","0","0","0","0","0","0","0","0","0","0","0","0","0","0","0","0","0","0","0","0","0","0","0","0","0","0","0","0","0"
"L23580","provider","org.junit.platform.surefire.provider","L23579","L103","0.0228041","1","2","2","0","0","0","0","0.4","0.160555","162","2","3","0.4","0.160555","162","2","3","847","1240","18","26","0","8","0","96","0","0","13","1","847","1240","18","26","22","0","8","8","0","96","317","0","2","0","0","0","13","1","0","0","285","47","72","2","0","58","17","0","27","0","14","0","3","0","0","0","0","0","0","0","0","0","0"
"L23987","descriptor","org.junit.vintage.engine.descriptor","L23963","L103","0","0","0","0","0","0","0","0","0.25","0.251497","42","2","6","0.25","0.251497","42","2","6","125","204","7","3","0","4","0","14","4","0","7","0","125","204","7","3","15","0","4","4","0","14","32","4","2","0","0","0","7","0","0","0","44","1","0","0","0","0","1","0","0","0","0","0","0","0","0","0","0","0","0","0","0","0","0"
"L24071","discovery","org.junit.vintage.engine.discovery","L23963","L103","0.0165465","1","2","2","0.244444","0.428571","11","9","0.333333","0.268059","308","1","2","0.333333","0.268059","308","1","2","841","1425","26","31","0","3","1","90","0","0","22","0","841","1425","26","31","22","0","22","3","1","90","235","0","6","0","0","0","22","0","0","0","280","8","48","0","0","29","19","0","5","0","2","0","1","0","0","0","0","0","0","0","0","0","0"
"L24672","execution","org.junit.vintage.engine.execution","L23963","L103","0","0","0","0","0","0","0","0","0.333333","0.176056","75","1","2","0.333333","0.176056","75","1","2","351","508","12","4","0","2","0","48","0","0","9","0","351","508","12","4","22","0","5","2","0","48","119","0","1","0","0","0","9","0","0","0","106","6","18","0","0","3","18","0","2","0","0","0","1","0","0","0","0","0","0","0","0","0","0"
"L24914","support","org.junit.vintage.engine.support","L23963","L103","0","0","0","0","0","0","0","0","0.4","0.237668","53","2","3","0.4","0.237668","53","2","3","170","287","6","6","0","1","0","17","0","0","4","0","170","287","6","6","22","0","5","1","0","17","51","0","2","0","0","0","4","0","0","0","53","3","18","0","0","15","3","0","3","0","0","0","0","0","0","0","0","0","0","0","0","0","0"
"L25101","samples","org.junit.vintage.engine.samples","L23963","L103","0","0","0","0","0","0","0","0","0.5","0.722222","13","1","1","0.416667","0.474522","447","35","49","5","23","0","1","0","0","0","1","0","2","1","0","495","1189","6","39","17","0","37","2","4","48","53","3","38","0","4","2","44","0","0","0","177","7","12","0","0","9","4","0","1","0","3","0","2","0","0","0","0","0","0","0","0","0","0"
"L6074","subpackage","org.junit.jupiter.engine.descriptor.subpackage","L4879","L103","0","0","0","0","0","0","0","0","0.8","0.6","48","4","1","0.8","0.6","48","4","1","32","104","0","6","0","0","0","4","0","0","0","0","32","104","0","6","16","0","4","0","0","4","0","0","5","0","0","0","0","0","0","0","15","2","4","0","0","2","0","0","0","0","4","0","0","0","0","0","0","0","0","0","0","0","0"
"L6664","predicates","org.junit.jupiter.engine.discovery.predicates","L6275","L103","0","0","0","0","0","0","0","0","0.5","0.306351","246","7","7","0.5","0.306351","246","7","7","557","1056","18","42","0","0","0","80","0","0","12","0","557","1056","18","42","24","0","18","0","0","80","92","0","7","0","0","0","12","0","0","0","267","17","41","0","0","35","1","0","2","0","17","0","3","0","0","0","0","0","0","0","0","0","0"
"L8281","injection","org.junit.jupiter.engine.execution.injection","L7391","L103","0","0","0","0","0","0","0","0","0","0","0","0","0","0.366667","0.497126","173","11","19","0","0","0","0","0","0","0","0","0","1","0","0","175","427","1","10","17","0","11","0","0","19","35","0","10","0","0","1","19","0","0","0","63","0","0","0","0","0","0","0","0","0","0","0","0","0","0","0","0","0","0","0","0","0","0"
"L9563","sub","org.junit.jupiter.engine.extension.sub","L8487","L103","0","0","0","0","0","0","0","0","0.333333","0.320755","17","1","2","0.333333","0.320755","17","1","2","36","67","0","1","0","0","0","3","0","0","1","0","36","67","0","1","16","0","1","0","0","3","9","0","1","0","0","0","1","0","0","0","10","0","0","0","0","0","0","0","0","0","0","0","0","0","0","0","0","0","0","0","0","0","0"
"L11425","adapter","org.junit.jupiter.migrationsupport.rules.adapter","L11324","L103","0","0","0","0","0","0","0","0","0.294118","0.391304","63","5","12","0.294118","0.391304","63","5","12","98","209","1","4","0","0","1","14","0","0","12","0","98","209","1","4","16","0","6","0","1","14","14","0","4","0","1","0","12","0","0","0","42","0","3","0","0","0","0","0","0","0","3","0","0","0","0","0","0","0","0","0","0","0","0"
"L11536","member","org.junit.jupiter.migrationsupport.rules.member","L11324","L103","0","0","0","0","0","0","0","0","0.75","0.481752","66","3","1","0.75","0.481752","66","3","1","71","179","1","4","0","2","1","8","0","0","3","0","71","179","1","4","16","0","6","2","1","8","12","0","1","0","1","0","3","0","0","0","20","0","0","0","0","0","0","0","0","0","0","0","0","0","0","0","0","0","0","0","0","0","0"
"L19886","descriptor","org.junit.platform.engine.support.descriptor","L19885","L103","0.0597037","4","20","8","0","0","0","0","0.530612","0.334755","628","52","46","0.530612","0.334755","628","52","46","1248","2286","36","22","0","35","2","172","0","0","86","3","1248","2286","36","22","26","0","23","35","2","172","408","0","12","0","2","0","86","3","0","1","412","28","88","9","0","54","24","0","26","0","2","0","11","0","0","0","0","0","0","0","0","0","0"
"L20512","filter","org.junit.platform.engine.support.filter","L19885","L103","0","0","0","0","0","0","0","0","0.8","0.505155","49","4","1","0.8","0.505155","49","4","1","48","118","2","2","0","0","0","4","0","0","3","0","48","118","2","2","16","0","3","0","0","4","10","0","2","0","0","0","3","0","0","0","3","0","0","0","0","0","0","0","0","0","0","0","0","0","0","0","0","0","0","0","0","0","0"
"L20549","hierarchical","org.junit.platform.engine.support.hierarchical","L19885","L103","0.353946","11","27","27","0","0","0","0","0.461538","0.307143","344","24","28","0.461538","0.307143","344","24","28","776","1387","24","18","0","8","4","81","0","0","45","1","776","1387","24","18","26","0","14","8","4","81","340","0","7","0","4","0","45","1","0","0","291","30","45","3","0","36","12","0","20","0","1","0","6","0","0","0","0","0","0","0","0","0","0"
"L21227","event","org.junit.platform.engine.test.event","L21216","L103","0.0126939","1","1","1","0.0934579","0.117647","10","8","0.056338","0.141509","60","4","67","0.056338","0.141509","60","4","67","364","532","9","4","1","22","0","76","6","0","66","0","364","532","9","4","16","1","4","22","0","76","88","6","4","1","0","0","66","0","0","0","195","3","6","20","0","0","8","0","1","0","0","0","0","0","0","0","0","0","0","0","0","0","0"
"L25104","junit3","org.junit.vintage.engine.samples.junit3","L25101","L103","0","0","0","0","0","0","0","0","0.5","0.580645","36","3","3","0.5","0.580645","36","3","3","26","82","0","3","0","0","0","3","0","0","3","0","26","82","0","3","16","0","3","0","0","3","5","0","3","0","0","0","3","0","0","0","9","0","1","0","0","0","0","0","0","0","0","0","1","0","0","0","0","0","0","0","0","0","0"
"L25122","junit4","org.junit.vintage.engine.samples.junit4","L25101","L103","0","0","0","0","0","0","0","0","0.407895","0.461717","398","31","45","0.407895","0.461717","398","31","45","464","1084","6","35","0","2","4","44","3","0","40","0","464","1084","6","35","16","0","33","2","4","44","48","3","34","0","4","0","40","0","0","0","167","7","11","0","0","9","4","0","1","0","3","0","1","0","0","0","0","0","0","0","0","0","0"
"L8282","sample","org.junit.jupiter.engine.execution.injection.sample","L8281","L103","0","0","0","0","0","0","0","0","0.366667","0.497126","173","11","19","0.366667","0.497126","173","11","19","175","427","1","10","0","0","0","19","0","0","19","0","175","427","1","10","17","0","11","0","0","19","35","0","10","0","0","0","19","0","0","0","63","0","0","0","0","0","0","0","0","0","0","0","0","0","0","0","0","0","0","0","0","0","0"
