"ID","Name","Parent","Component","Path","Line","Column","EndLine","EndColumn","CA","CCO","CE","CLLOC","CV","Clone Metric Rules"
"C4466","105~CloneInstance","C896","L103","C:\Users\Sokaina\Downloads\Versiones-Junit5\junit5-r5.0.1\documentation\src\test\java\example\AssertionsDemo.java","114","2","124","3","1","1","50","11","1","0"
"C4467","106~CloneInstance","C896","L103","C:\Users\Sokaina\Downloads\Versiones-Junit5\junit5-r5.0.1\documentation\src\test\java\example\AssertionsDemo.java","127","2","137","3","1","1","50","11","1","0"
"C5301","439~CloneInstance","C1179","L103","C:\Users\Sokaina\Downloads\Versiones-Junit5\junit5-r5.0.1\documentation\src\test\java\example\DynamicTestsDemo.java","47","2","59","3","1","1","106","13","1","1"
"C5302","440~CloneInstance","C1179","L103","C:\Users\Sokaina\Downloads\Versiones-Junit5\junit5-r5.0.1\documentation\src\test\java\example\DynamicTestsDemo.java","61","2","73","3","1","1","106","13","1","1"
"C3406","69~CloneInstance","C589","L103","C:\Users\Sokaina\Downloads\Versiones-Junit5\junit5-r5.0.1\documentation\src\test\java\example\UsingTheLauncherDemo.java","37","3","47","48","1","1","193","11","1","1"
"C3407","70~CloneInstance","C589","L103","C:\Users\Sokaina\Downloads\Versiones-Junit5\junit5-r5.0.1\documentation\src\test\java\example\UsingTheLauncherDemo.java","58","3","68","48","1","1","194","11","1","1"
"C3875","82~CloneInstance","C715","L103","C:\Users\Sokaina\Downloads\Versiones-Junit5\junit5-r5.0.1\documentation\src\test\java\example\AssertionsDemo.java","56","4","65","5","1","1","78","10","1","0"
"C3876","83~CloneInstance","C715","L103","C:\Users\Sokaina\Downloads\Versiones-Junit5\junit5-r5.0.1\documentation\src\test\java\example\AssertionsDemo.java","66","4","77","5","1","1","78","12","1","0"
"C5303","441~CloneInstance","C1179","L103","C:\Users\Sokaina\Downloads\Versiones-Junit5\junit5-r5.0.1\documentation\src\test\java\example\testinterface\TestInterfaceDynamicTestsDemo.java","26","2","38","3","1","1","113","13","1","1"
"C5168","417~CloneInstance","C1141","L103","C:\Users\Sokaina\Downloads\Versiones-Junit5\junit5-r5.0.1\documentation\src\test\java\example\testinterface\TestLifecycleLogger.java","39","2","49","3","1","1","33","11","1","0"
"C5169","418~CloneInstance","C1141","L103","C:\Users\Sokaina\Downloads\Versiones-Junit5\junit5-r5.0.1\documentation\src\test\java\example\testinterface\TestLifecycleLogger.java","51","2","61","3","1","1","33","11","1","0"
"C5361","446~CloneInstance","C1194","L103","C:\Users\Sokaina\Downloads\Versiones-Junit5\junit5-r5.0.1\junit-jupiter-api\src\main\java\org\junit\jupiter\api\AssertArrayEquals.java","171","2","185","3","1","4","6","15","1","0"
"C5362","447~CloneInstance","C1194","L103","C:\Users\Sokaina\Downloads\Versiones-Junit5\junit5-r5.0.1\junit-jupiter-api\src\main\java\org\junit\jupiter\api\AssertArrayEquals.java","187","2","201","3","1","4","6","15","1","0"
"C5363","448~CloneInstance","C1194","L103","C:\Users\Sokaina\Downloads\Versiones-Junit5\junit5-r5.0.1\junit-jupiter-api\src\main\java\org\junit\jupiter\api\AssertArrayEquals.java","203","2","217","3","1","4","6","15","1","0"
"C5364","449~CloneInstance","C1194","L103","C:\Users\Sokaina\Downloads\Versiones-Junit5\junit5-r5.0.1\junit-jupiter-api\src\main\java\org\junit\jupiter\api\AssertArrayEquals.java","219","2","233","3","1","4","6","15","1","0"
"C5365","450~CloneInstance","C1194","L103","C:\Users\Sokaina\Downloads\Versiones-Junit5\junit5-r5.0.1\junit-jupiter-api\src\main\java\org\junit\jupiter\api\AssertArrayEquals.java","235","2","249","3","1","4","6","15","1","0"
"C5366","451~CloneInstance","C1194","L103","C:\Users\Sokaina\Downloads\Versiones-Junit5\junit5-r5.0.1\junit-jupiter-api\src\main\java\org\junit\jupiter\api\AssertArrayEquals.java","251","2","265","3","1","4","6","15","1","0"
"C5367","453~CloneInstance","C1195","L103","C:\Users\Sokaina\Downloads\Versiones-Junit5\junit5-r5.0.1\junit-jupiter-api\src\main\java\org\junit\jupiter\api\AssertArrayEquals.java","267","2","281","3","1","4","10","15","1","0"
"C5327","443~CloneInstance","C1189","L103","C:\Users\Sokaina\Downloads\Versiones-Junit5\junit5-r5.0.1\junit-jupiter-api\src\main\java\org\junit\jupiter\api\AssertArrayEquals.java","283","2","298","3","1","4","11","16","1","0"
"C5368","454~CloneInstance","C1195","L103","C:\Users\Sokaina\Downloads\Versiones-Junit5\junit5-r5.0.1\junit-jupiter-api\src\main\java\org\junit\jupiter\api\AssertArrayEquals.java","300","2","314","3","1","4","10","15","1","0"
"C5328","444~CloneInstance","C1189","L103","C:\Users\Sokaina\Downloads\Versiones-Junit5\junit5-r5.0.1\junit-jupiter-api\src\main\java\org\junit\jupiter\api\AssertArrayEquals.java","316","2","331","3","1","4","11","16","1","0"
"C5448","457~CloneInstance","C1224","L103","C:\Users\Sokaina\Downloads\Versiones-Junit5\junit5-r5.0.1\junit-jupiter-api\src\main\java\org\junit\jupiter\api\AssertArrayEquals.java","399","2","408","3","1","3","13","10","1","0"
"C5447","456~CloneInstance","C1224","L103","C:\Users\Sokaina\Downloads\Versiones-Junit5\junit5-r5.0.1\junit-jupiter-api\src\main\java\org\junit\jupiter\api\AssertIterableEquals.java","92","2","101","3","1","3","4","10","1","0"
"C4761","254~CloneInstance","C1007","L103","C:\Users\Sokaina\Downloads\Versiones-Junit5\junit5-r5.0.1\junit-jupiter-engine\src\test\java\org\junit\jupiter\api\AssertionsAssertArrayEqualsTests.java","324","2","341","3","1","3","62","18","1","0"
"C4763","257~CloneInstance","C1008","L103","C:\Users\Sokaina\Downloads\Versiones-Junit5\junit5-r5.0.1\junit-jupiter-engine\src\test\java\org\junit\jupiter\api\AssertionsAssertArrayEqualsTests.java","343","2","362","3","1","3","66","20","1","0"
"C4751","239~CloneInstance","C1002","L103","C:\Users\Sokaina\Downloads\Versiones-Junit5\junit5-r5.0.1\junit-jupiter-engine\src\test\java\org\junit\jupiter\api\AssertionsAssertArrayEqualsTests.java","408","2","418","3","1","2","42","11","1","0"
"C4755","245~CloneInstance","C1004","L103","C:\Users\Sokaina\Downloads\Versiones-Junit5\junit5-r5.0.1\junit-jupiter-engine\src\test\java\org\junit\jupiter\api\AssertionsAssertArrayEqualsTests.java","420","2","429","3","1","2","40","10","1","0"
"C4757","248~CloneInstance","C1005","L103","C:\Users\Sokaina\Downloads\Versiones-Junit5\junit5-r5.0.1\junit-jupiter-engine\src\test\java\org\junit\jupiter\api\AssertionsAssertArrayEqualsTests.java","431","2","441","3","1","2","42","11","1","0"
"C4762","255~CloneInstance","C1007","L103","C:\Users\Sokaina\Downloads\Versiones-Junit5\junit5-r5.0.1\junit-jupiter-engine\src\test\java\org\junit\jupiter\api\AssertionsAssertArrayEqualsTests.java","463","2","480","3","1","3","62","18","1","0"
"C4764","258~CloneInstance","C1008","L103","C:\Users\Sokaina\Downloads\Versiones-Junit5\junit5-r5.0.1\junit-jupiter-engine\src\test\java\org\junit\jupiter\api\AssertionsAssertArrayEqualsTests.java","482","2","501","3","1","3","66","20","1","0"
"C4752","240~CloneInstance","C1002","L103","C:\Users\Sokaina\Downloads\Versiones-Junit5\junit5-r5.0.1\junit-jupiter-engine\src\test\java\org\junit\jupiter\api\AssertionsAssertArrayEqualsTests.java","547","2","557","3","1","2","42","11","1","0"
"C4756","246~CloneInstance","C1004","L103","C:\Users\Sokaina\Downloads\Versiones-Junit5\junit5-r5.0.1\junit-jupiter-engine\src\test\java\org\junit\jupiter\api\AssertionsAssertArrayEqualsTests.java","559","2","568","3","1","2","40","10","1","0"
"C4759","251~CloneInstance","C1006","L103","C:\Users\Sokaina\Downloads\Versiones-Junit5\junit5-r5.0.1\junit-jupiter-engine\src\test\java\org\junit\jupiter\api\AssertionsAssertArrayEqualsTests.java","602","2","619","3","1","3","62","18","1","0"
"C4765","259~CloneInstance","C1008","L103","C:\Users\Sokaina\Downloads\Versiones-Junit5\junit5-r5.0.1\junit-jupiter-engine\src\test\java\org\junit\jupiter\api\AssertionsAssertArrayEqualsTests.java","621","2","640","3","1","3","66","20","1","0"
"C4753","242~CloneInstance","C1003","L103","C:\Users\Sokaina\Downloads\Versiones-Junit5\junit5-r5.0.1\junit-jupiter-engine\src\test\java\org\junit\jupiter\api\AssertionsAssertArrayEqualsTests.java","663","2","672","3","1","2","40","10","1","0"
"C4758","249~CloneInstance","C1005","L103","C:\Users\Sokaina\Downloads\Versiones-Junit5\junit5-r5.0.1\junit-jupiter-engine\src\test\java\org\junit\jupiter\api\AssertionsAssertArrayEqualsTests.java","710","2","721","3","1","2","42","12","1","0"
"C4760","252~CloneInstance","C1006","L103","C:\Users\Sokaina\Downloads\Versiones-Junit5\junit5-r5.0.1\junit-jupiter-engine\src\test\java\org\junit\jupiter\api\AssertionsAssertArrayEqualsTests.java","744","2","761","3","1","3","62","18","1","0"
"C4754","243~CloneInstance","C1003","L103","C:\Users\Sokaina\Downloads\Versiones-Junit5\junit5-r5.0.1\junit-jupiter-engine\src\test\java\org\junit\jupiter\api\AssertionsAssertArrayEqualsTests.java","805","2","814","3","1","2","40","10","1","0"
"C4749","236~CloneInstance","C1001","L103","C:\Users\Sokaina\Downloads\Versiones-Junit5\junit5-r5.0.1\junit-jupiter-engine\src\test\java\org\junit\jupiter\api\AssertionsAssertArrayEqualsTests.java","1043","3","1056","4","1","3","44","14","1","0"
"C4750","237~CloneInstance","C1001","L103","C:\Users\Sokaina\Downloads\Versiones-Junit5\junit5-r5.0.1\junit-jupiter-engine\src\test\java\org\junit\jupiter\api\AssertionsAssertArrayEqualsTests.java","1382","3","1395","4","1","3","44","14","1","0"
"C4770","264~CloneInstance","C1011","L103","C:\Users\Sokaina\Downloads\Versiones-Junit5\junit5-r5.0.1\junit-jupiter-engine\src\test\java\org\junit\jupiter\api\AssertionsAssertEqualsTests.java","38","2","50","3","1","2","42","13","1","0"
"C4774","270~CloneInstance","C1013","L103","C:\Users\Sokaina\Downloads\Versiones-Junit5\junit5-r5.0.1\junit-jupiter-engine\src\test\java\org\junit\jupiter\api\AssertionsAssertEqualsTests.java","52","2","65","3","1","2","44","14","1","0"
"C4772","267~CloneInstance","C1012","L103","C:\Users\Sokaina\Downloads\Versiones-Junit5\junit5-r5.0.1\junit-jupiter-engine\src\test\java\org\junit\jupiter\api\AssertionsAssertEqualsTests.java","67","2","80","3","1","2","44","14","1","0"
"C4771","265~CloneInstance","C1011","L103","C:\Users\Sokaina\Downloads\Versiones-Junit5\junit5-r5.0.1\junit-jupiter-engine\src\test\java\org\junit\jupiter\api\AssertionsAssertEqualsTests.java","89","2","101","3","1","2","42","13","1","0"
"C4775","271~CloneInstance","C1013","L103","C:\Users\Sokaina\Downloads\Versiones-Junit5\junit5-r5.0.1\junit-jupiter-engine\src\test\java\org\junit\jupiter\api\AssertionsAssertEqualsTests.java","103","2","116","3","1","2","44","14","1","0"
"C4773","268~CloneInstance","C1012","L103","C:\Users\Sokaina\Downloads\Versiones-Junit5\junit5-r5.0.1\junit-jupiter-engine\src\test\java\org\junit\jupiter\api\AssertionsAssertEqualsTests.java","118","2","131","3","1","2","44","14","1","0"
"C4744","228~CloneInstance","C998","L103","C:\Users\Sokaina\Downloads\Versiones-Junit5\junit5-r5.0.1\junit-jupiter-engine\src\test\java\org\junit\jupiter\api\AssertionsAssertFalseTests.java","36","2","45","3","1","2","40","10","1","0"
"C4748","234~CloneInstance","C1000","L103","C:\Users\Sokaina\Downloads\Versiones-Junit5\junit5-r5.0.1\junit-jupiter-engine\src\test\java\org\junit\jupiter\api\AssertionsAssertFalseTests.java","58","2","67","3","1","2","40","10","1","0"
"C4746","231~CloneInstance","C999","L103","C:\Users\Sokaina\Downloads\Versiones-Junit5\junit5-r5.0.1\junit-jupiter-engine\src\test\java\org\junit\jupiter\api\AssertionsAssertFalseTests.java","69","2","78","3","1","2","40","10","1","0"
"C5072","395~CloneInstance","C1108","L103","C:\Users\Sokaina\Downloads\Versiones-Junit5\junit5-r5.0.1\junit-jupiter-engine\src\test\java\org\junit\jupiter\api\AssertionsAssertLinesMatchTests.java","112","2","124","3","1","1","72","13","1","0"
"C5070","392~CloneInstance","C1107","L103","C:\Users\Sokaina\Downloads\Versiones-Junit5\junit5-r5.0.1\junit-jupiter-engine\src\test\java\org\junit\jupiter\api\AssertionsAssertLinesMatchTests.java","140","2","151","3","1","1","72","12","1","0"
"C5071","393~CloneInstance","C1107","L103","C:\Users\Sokaina\Downloads\Versiones-Junit5\junit5-r5.0.1\junit-jupiter-engine\src\test\java\org\junit\jupiter\api\AssertionsAssertLinesMatchTests.java","153","2","164","3","1","1","72","12","1","0"
"C5073","396~CloneInstance","C1108","L103","C:\Users\Sokaina\Downloads\Versiones-Junit5\junit5-r5.0.1\junit-jupiter-engine\src\test\java\org\junit\jupiter\api\AssertionsAssertLinesMatchTests.java","166","2","178","3","1","1","72","13","1","0"
"C4665","194~CloneInstance","C974","L103","C:\Users\Sokaina\Downloads\Versiones-Junit5\junit5-r5.0.1\junit-jupiter-engine\src\test\java\org\junit\jupiter\api\AssertionsAssertTimeoutTests.java","85","2","94","3","1","1","75","10","1","0"
"C4980","344~CloneInstance","C1070","L103","C:\Users\Sokaina\Downloads\Versiones-Junit5\junit5-r5.0.1\junit-jupiter-engine\src\test\java\org\junit\jupiter\api\AssertionsAssertTimeoutTests.java","96","2","106","3","1","1","131","11","1","1"
"C4982","347~CloneInstance","C1071","L103","C:\Users\Sokaina\Downloads\Versiones-Junit5\junit5-r5.0.1\junit-jupiter-engine\src\test\java\org\junit\jupiter\api\AssertionsAssertTimeoutTests.java","108","2","118","3","1","1","92","11","1","0"
"C4974","335~CloneInstance","C1067","L103","C:\Users\Sokaina\Downloads\Versiones-Junit5\junit5-r5.0.1\junit-jupiter-engine\src\test\java\org\junit\jupiter\api\AssertionsAssertTimeoutTests.java","120","2","130","3","1","1","74","11","1","0"
"C4978","341~CloneInstance","C1069","L103","C:\Users\Sokaina\Downloads\Versiones-Junit5\junit5-r5.0.1\junit-jupiter-engine\src\test\java\org\junit\jupiter\api\AssertionsAssertTimeoutTests.java","132","2","142","3","1","1","74","11","1","0"
"C4976","338~CloneInstance","C1068","L103","C:\Users\Sokaina\Downloads\Versiones-Junit5\junit5-r5.0.1\junit-jupiter-engine\src\test\java\org\junit\jupiter\api\AssertionsAssertTimeoutTests.java","144","2","154","3","1","1","74","11","1","0"
"C4666","195~CloneInstance","C974","L103","C:\Users\Sokaina\Downloads\Versiones-Junit5\junit5-r5.0.1\junit-jupiter-engine\src\test\java\org\junit\jupiter\api\AssertionsAssertTimeoutTests.java","204","2","213","3","1","1","75","10","1","0"
"C4981","345~CloneInstance","C1070","L103","C:\Users\Sokaina\Downloads\Versiones-Junit5\junit5-r5.0.1\junit-jupiter-engine\src\test\java\org\junit\jupiter\api\AssertionsAssertTimeoutTests.java","215","2","225","3","1","1","131","11","1","1"
"C4983","348~CloneInstance","C1071","L103","C:\Users\Sokaina\Downloads\Versiones-Junit5\junit5-r5.0.1\junit-jupiter-engine\src\test\java\org\junit\jupiter\api\AssertionsAssertTimeoutTests.java","227","2","237","3","1","1","92","11","1","0"
"C4975","336~CloneInstance","C1067","L103","C:\Users\Sokaina\Downloads\Versiones-Junit5\junit5-r5.0.1\junit-jupiter-engine\src\test\java\org\junit\jupiter\api\AssertionsAssertTimeoutTests.java","239","2","249","3","1","1","74","11","1","0"
"C4979","342~CloneInstance","C1069","L103","C:\Users\Sokaina\Downloads\Versiones-Junit5\junit5-r5.0.1\junit-jupiter-engine\src\test\java\org\junit\jupiter\api\AssertionsAssertTimeoutTests.java","251","2","261","3","1","1","74","11","1","0"
"C4977","339~CloneInstance","C1068","L103","C:\Users\Sokaina\Downloads\Versiones-Junit5\junit5-r5.0.1\junit-jupiter-engine\src\test\java\org\junit\jupiter\api\AssertionsAssertTimeoutTests.java","263","2","273","3","1","1","74","11","1","0"
"C4743","227~CloneInstance","C998","L103","C:\Users\Sokaina\Downloads\Versiones-Junit5\junit5-r5.0.1\junit-jupiter-engine\src\test\java\org\junit\jupiter\api\AssertionsAssertTrueTests.java","52","2","61","3","1","2","40","10","1","0"
"C4747","233~CloneInstance","C1000","L103","C:\Users\Sokaina\Downloads\Versiones-Junit5\junit5-r5.0.1\junit-jupiter-engine\src\test\java\org\junit\jupiter\api\AssertionsAssertTrueTests.java","63","2","72","3","1","2","40","10","1","0"
"C4745","230~CloneInstance","C999","L103","C:\Users\Sokaina\Downloads\Versiones-Junit5\junit5-r5.0.1\junit-jupiter-engine\src\test\java\org\junit\jupiter\api\AssertionsAssertTrueTests.java","74","2","83","3","1","2","40","10","1","0"
"C4766","261~CloneInstance","C1009","L103","C:\Users\Sokaina\Downloads\Versiones-Junit5\junit5-r5.0.1\junit-jupiter-engine\src\test\java\org\junit\jupiter\api\AssertionsFailTests.java","88","2","99","3","1","2","42","12","1","0"
"C4767","262~CloneInstance","C1009","L103","C:\Users\Sokaina\Downloads\Versiones-Junit5\junit5-r5.0.1\junit-jupiter-engine\src\test\java\org\junit\jupiter\api\AssertionsFailTests.java","115","2","126","3","1","2","42","12","1","0"
"C5029","366~CloneInstance","C1089","L103","C:\Users\Sokaina\Downloads\Versiones-Junit5\junit5-r5.0.1\junit-jupiter-engine\src\test\java\org\junit\jupiter\api\AssumptionsTests.java","35","2","45","3","1","1","54","11","1","0"
"C5033","372~CloneInstance","C1091","L103","C:\Users\Sokaina\Downloads\Versiones-Junit5\junit5-r5.0.1\junit-jupiter-engine\src\test\java\org\junit\jupiter\api\AssumptionsTests.java","47","2","57","3","1","1","54","11","1","0"
"C5031","369~CloneInstance","C1090","L103","C:\Users\Sokaina\Downloads\Versiones-Junit5\junit5-r5.0.1\junit-jupiter-engine\src\test\java\org\junit\jupiter\api\AssumptionsTests.java","59","2","69","3","1","1","54","11","1","0"
"C5035","375~CloneInstance","C1092","L103","C:\Users\Sokaina\Downloads\Versiones-Junit5\junit5-r5.0.1\junit-jupiter-engine\src\test\java\org\junit\jupiter\api\AssumptionsTests.java","71","2","81","3","1","1","54","11","1","0"
"C5030","367~CloneInstance","C1089","L103","C:\Users\Sokaina\Downloads\Versiones-Junit5\junit5-r5.0.1\junit-jupiter-engine\src\test\java\org\junit\jupiter\api\AssumptionsTests.java","115","2","125","3","1","1","54","11","1","0"
"C5034","373~CloneInstance","C1091","L103","C:\Users\Sokaina\Downloads\Versiones-Junit5\junit5-r5.0.1\junit-jupiter-engine\src\test\java\org\junit\jupiter\api\AssumptionsTests.java","127","2","137","3","1","1","54","11","1","0"
"C5032","370~CloneInstance","C1090","L103","C:\Users\Sokaina\Downloads\Versiones-Junit5\junit5-r5.0.1\junit-jupiter-engine\src\test\java\org\junit\jupiter\api\AssumptionsTests.java","139","2","149","3","1","1","54","11","1","0"
"C5036","376~CloneInstance","C1092","L103","C:\Users\Sokaina\Downloads\Versiones-Junit5\junit5-r5.0.1\junit-jupiter-engine\src\test\java\org\junit\jupiter\api\AssumptionsTests.java","151","2","161","3","1","1","54","11","1","0"
"C3038","49~CloneInstance","C492","L103","C:\Users\Sokaina\Downloads\Versiones-Junit5\junit5-r5.0.1\junit-jupiter-engine\src\test\java\org\junit\jupiter\engine\DefaultMethodTests.java","78","3","90","5","1","1","284","13","1","1"
"C4529","137~CloneInstance","C921","L103","C:\Users\Sokaina\Downloads\Versiones-Junit5\junit5-r5.0.1\junit-jupiter-engine\src\test\java\org\junit\jupiter\engine\DefaultMethodTests.java","75","2","92","3","1","1","302","18","1","1"
"C3039","50~CloneInstance","C492","L103","C:\Users\Sokaina\Downloads\Versiones-Junit5\junit5-r5.0.1\junit-jupiter-engine\src\test\java\org\junit\jupiter\engine\DefaultMethodTests.java","99","3","111","5","1","1","284","13","1","1"
"C4530","138~CloneInstance","C921","L103","C:\Users\Sokaina\Downloads\Versiones-Junit5\junit5-r5.0.1\junit-jupiter-engine\src\test\java\org\junit\jupiter\engine\DefaultMethodTests.java","94","2","113","3","1","1","302","20","1","1"
"C3040","51~CloneInstance","C492","L103","C:\Users\Sokaina\Downloads\Versiones-Junit5\junit5-r5.0.1\junit-jupiter-engine\src\test\java\org\junit\jupiter\engine\DefaultMethodTests.java","118","3","130","5","1","1","284","13","1","1"
"C4790","276~CloneInstance","C1021","L103","C:\Users\Sokaina\Downloads\Versiones-Junit5\junit5-r5.0.1\junit-jupiter-engine\src\test\java\org\junit\jupiter\engine\DiscoveryFilterApplierTests.java","39","2","58","3","1","1","230","20","1","1"
"C4794","282~CloneInstance","C1023","L103","C:\Users\Sokaina\Downloads\Versiones-Junit5\junit5-r5.0.1\junit-jupiter-engine\src\test\java\org\junit\jupiter\engine\DiscoveryFilterApplierTests.java","42","3","57","58","1","1","212","16","1","1"
"C4792","279~CloneInstance","C1022","L103","C:\Users\Sokaina\Downloads\Versiones-Junit5\junit5-r5.0.1\junit-jupiter-engine\src\test\java\org\junit\jupiter\engine\DiscoveryFilterApplierTests.java","60","2","80","3","1","1","266","21","1","1"
"C4795","283~CloneInstance","C1023","L103","C:\Users\Sokaina\Downloads\Versiones-Junit5\junit5-r5.0.1\junit-jupiter-engine\src\test\java\org\junit\jupiter\engine\DiscoveryFilterApplierTests.java","63","3","78","58","1","1","213","16","1","1"
"C4791","277~CloneInstance","C1021","L103","C:\Users\Sokaina\Downloads\Versiones-Junit5\junit5-r5.0.1\junit-jupiter-engine\src\test\java\org\junit\jupiter\engine\DiscoveryFilterApplierTests.java","82","2","101","3","1","1","230","20","1","1"
"C4796","284~CloneInstance","C1023","L103","C:\Users\Sokaina\Downloads\Versiones-Junit5\junit5-r5.0.1\junit-jupiter-engine\src\test\java\org\junit\jupiter\engine\DiscoveryFilterApplierTests.java","85","3","100","58","1","1","212","16","1","1"
"C4793","280~CloneInstance","C1022","L103","C:\Users\Sokaina\Downloads\Versiones-Junit5\junit5-r5.0.1\junit-jupiter-engine\src\test\java\org\junit\jupiter\engine\DiscoveryFilterApplierTests.java","103","2","123","3","1","1","266","21","1","1"
"C4797","285~CloneInstance","C1023","L103","C:\Users\Sokaina\Downloads\Versiones-Junit5\junit5-r5.0.1\junit-jupiter-engine\src\test\java\org\junit\jupiter\engine\DiscoveryFilterApplierTests.java","106","3","121","58","1","1","213","16","1","1"
"C4884","314~CloneInstance","C1038","L103","C:\Users\Sokaina\Downloads\Versiones-Junit5\junit5-r5.0.1\junit-jupiter-engine\src\test\java\org\junit\jupiter\engine\DynamicNodeGenerationTests.java","98","2","112","3","1","1","280","15","1","1"
"C4885","315~CloneInstance","C1038","L103","C:\Users\Sokaina\Downloads\Versiones-Junit5\junit5-r5.0.1\junit-jupiter-engine\src\test\java\org\junit\jupiter\engine\DynamicNodeGenerationTests.java","114","2","128","3","1","1","280","15","1","1"
"C4886","316~CloneInstance","C1038","L103","C:\Users\Sokaina\Downloads\Versiones-Junit5\junit5-r5.0.1\junit-jupiter-engine\src\test\java\org\junit\jupiter\engine\DynamicNodeGenerationTests.java","130","2","145","3","1","1","280","16","1","1"
"C4542","143~CloneInstance","C926","L103","C:\Users\Sokaina\Downloads\Versiones-Junit5\junit5-r5.0.1\junit-jupiter-engine\src\test\java\org\junit\jupiter\engine\ExceptionHandlingTests.java","50","2","63","3","1","1","291","14","1","1"
"C4543","144~CloneInstance","C926","L103","C:\Users\Sokaina\Downloads\Versiones-Junit5\junit5-r5.0.1\junit-jupiter-engine\src\test\java\org\junit\jupiter\engine\ExceptionHandlingTests.java","65","2","78","3","1","1","291","14","1","1"
"C4544","145~CloneInstance","C926","L103","C:\Users\Sokaina\Downloads\Versiones-Junit5\junit5-r5.0.1\junit-jupiter-engine\src\test\java\org\junit\jupiter\engine\ExceptionHandlingTests.java","80","2","93","3","1","1","291","14","1","1"
"C4535","140~CloneInstance","C924","L103","C:\Users\Sokaina\Downloads\Versiones-Junit5\junit5-r5.0.1\junit-jupiter-engine\src\test\java\org\junit\jupiter\engine\ExceptionHandlingTests.java","95","2","109","3","1","1","292","15","1","1"
"C4536","141~CloneInstance","C924","L103","C:\Users\Sokaina\Downloads\Versiones-Junit5\junit5-r5.0.1\junit-jupiter-engine\src\test\java\org\junit\jupiter\engine\ExceptionHandlingTests.java","111","2","125","3","1","1","292","15","1","1"
"C4918","329~CloneInstance","C1052","L103","C:\Users\Sokaina\Downloads\Versiones-Junit5\junit5-r5.0.1\junit-jupiter-engine\src\test\java\org\junit\jupiter\engine\NestedTestClassesTests.java","42","2","52","3","1","1","131","11","1","1"
"C4919","330~CloneInstance","C1052","L103","C:\Users\Sokaina\Downloads\Versiones-Junit5\junit5-r5.0.1\junit-jupiter-engine\src\test\java\org\junit\jupiter\engine\NestedTestClassesTests.java","84","2","94","3","1","1","131","11","1","1"
"C2039","29~CloneInstance","C269","L103","C:\Users\Sokaina\Downloads\Versiones-Junit5\junit5-r5.0.1\junit-jupiter-engine\src\test\java\org\junit\jupiter\engine\OverloadedTestMethodTests.java","41","3","52","33","1","1","227","12","1","1"
"C2040","30~CloneInstance","C269","L103","C:\Users\Sokaina\Downloads\Versiones-Junit5\junit5-r5.0.1\junit-jupiter-engine\src\test\java\org\junit\jupiter\engine\OverloadedTestMethodTests.java","75","3","86","33","1","1","224","12","1","1"
"C2849","40~CloneInstance","C438","L103","C:\Users\Sokaina\Downloads\Versiones-Junit5\junit5-r5.0.1\junit-jupiter-engine\src\test\java\org\junit\jupiter\engine\TestCaseWithInheritanceTests.java","54","3","63","83","1","1","193","10","1","1"
"C4879","311~CloneInstance","C1036","L103","C:\Users\Sokaina\Downloads\Versiones-Junit5\junit5-r5.0.1\junit-jupiter-engine\src\test\java\org\junit\jupiter\engine\TestCaseWithInheritanceTests.java","66","2","78","3","1","1","225","13","1","1"
"C2850","41~CloneInstance","C438","L103","C:\Users\Sokaina\Downloads\Versiones-Junit5\junit5-r5.0.1\junit-jupiter-engine\src\test\java\org\junit\jupiter\engine\TestCaseWithInheritanceTests.java","86","3","95","83","1","1","193","10","1","1"
"C4880","312~CloneInstance","C1036","L103","C:\Users\Sokaina\Downloads\Versiones-Junit5\junit5-r5.0.1\junit-jupiter-engine\src\test\java\org\junit\jupiter\engine\TestCaseWithInheritanceTests.java","99","2","111","3","1","1","225","13","1","1"
"C3003","43~CloneInstance","C481","L103","C:\Users\Sokaina\Downloads\Versiones-Junit5\junit5-r5.0.1\junit-jupiter-engine\src\test\java\org\junit\jupiter\engine\TestInstanceLifecycleTests.java","94","3","103","82","1","1","6","10","1","0"
"C3094","58~CloneInstance","C509","L103","C:\Users\Sokaina\Downloads\Versiones-Junit5\junit5-r5.0.1\junit-jupiter-engine\src\test\java\org\junit\jupiter\engine\TestInstanceLifecycleTests.java","108","3","134","5","1","1","42","27","1","0"
"C3004","44~CloneInstance","C481","L103","C:\Users\Sokaina\Downloads\Versiones-Junit5\junit5-r5.0.1\junit-jupiter-engine\src\test\java\org\junit\jupiter\engine\TestInstanceLifecycleTests.java","169","3","178","82","1","1","6","10","1","0"
"C3076","53~CloneInstance","C504","L103","C:\Users\Sokaina\Downloads\Versiones-Junit5\junit5-r5.0.1\junit-jupiter-engine\src\test\java\org\junit\jupiter\engine\TestInstanceLifecycleTests.java","181","3","191","87","1","1","53","11","1","0"
"C3095","59~CloneInstance","C509","L103","C:\Users\Sokaina\Downloads\Versiones-Junit5\junit5-r5.0.1\junit-jupiter-engine\src\test\java\org\junit\jupiter\engine\TestInstanceLifecycleTests.java","183","3","209","5","1","1","42","27","1","0"
"C3005","45~CloneInstance","C481","L103","C:\Users\Sokaina\Downloads\Versiones-Junit5\junit5-r5.0.1\junit-jupiter-engine\src\test\java\org\junit\jupiter\engine\TestInstanceLifecycleTests.java","232","3","241","82","1","1","6","10","1","0"
"C3077","54~CloneInstance","C504","L103","C:\Users\Sokaina\Downloads\Versiones-Junit5\junit5-r5.0.1\junit-jupiter-engine\src\test\java\org\junit\jupiter\engine\TestInstanceLifecycleTests.java","251","3","261","99","1","1","52","11","1","0"
"C5131","407~CloneInstance","C1131","L103","C:\Users\Sokaina\Downloads\Versiones-Junit5\junit5-r5.0.1\junit-jupiter-engine\src\test\java\org\junit\jupiter\engine\TestInstanceLifecycleTests.java","230","3","291","52","1","1","110","62","1","2"
"C5133","410~CloneInstance","C1132","L103","C:\Users\Sokaina\Downloads\Versiones-Junit5\junit5-r5.0.1\junit-jupiter-engine\src\test\java\org\junit\jupiter\engine\TestInstanceLifecycleTests.java","230","3","286","5","1","1","56","57","1","1"
"C2618","37~CloneInstance","C426","L103","C:\Users\Sokaina\Downloads\Versiones-Junit5\junit5-r5.0.1\junit-jupiter-engine\src\test\java\org\junit\jupiter\engine\TestInstanceLifecycleTests.java","400","3","419","96","1","1","361","20","1","1"
"C3006","46~CloneInstance","C481","L103","C:\Users\Sokaina\Downloads\Versiones-Junit5\junit5-r5.0.1\junit-jupiter-engine\src\test\java\org\junit\jupiter\engine\TestInstanceLifecycleTests.java","337","3","346","82","1","1","6","10","1","0"
"C3078","55~CloneInstance","C504","L103","C:\Users\Sokaina\Downloads\Versiones-Junit5\junit5-r5.0.1\junit-jupiter-engine\src\test\java\org\junit\jupiter\engine\TestInstanceLifecycleTests.java","356","3","366","99","1","1","53","11","1","0"
"C5134","411~CloneInstance","C1132","L103","C:\Users\Sokaina\Downloads\Versiones-Junit5\junit5-r5.0.1\junit-jupiter-engine\src\test\java\org\junit\jupiter\engine\TestInstanceLifecycleTests.java","335","3","391","5","1","1","56","57","1","1"
"C2619","38~CloneInstance","C426","L103","C:\Users\Sokaina\Downloads\Versiones-Junit5\junit5-r5.0.1\junit-jupiter-engine\src\test\java\org\junit\jupiter\engine\TestInstanceLifecycleTests.java","489","3","510","96","1","1","363","22","1","1"
"C3007","47~CloneInstance","C481","L103","C:\Users\Sokaina\Downloads\Versiones-Junit5\junit5-r5.0.1\junit-jupiter-engine\src\test\java\org\junit\jupiter\engine\TestInstanceLifecycleTests.java","427","3","436","82","1","1","6","10","1","0"
"C3079","56~CloneInstance","C504","L103","C:\Users\Sokaina\Downloads\Versiones-Junit5\junit5-r5.0.1\junit-jupiter-engine\src\test\java\org\junit\jupiter\engine\TestInstanceLifecycleTests.java","446","3","456","99","1","1","53","11","1","0"
"C5132","408~CloneInstance","C1131","L103","C:\Users\Sokaina\Downloads\Versiones-Junit5\junit5-r5.0.1\junit-jupiter-engine\src\test\java\org\junit\jupiter\engine\TestInstanceLifecycleTests.java","425","3","486","52","1","1","109","62","1","2"
"C5135","412~CloneInstance","C1132","L103","C:\Users\Sokaina\Downloads\Versiones-Junit5\junit5-r5.0.1\junit-jupiter-engine\src\test\java\org\junit\jupiter\engine\TestInstanceLifecycleTests.java","425","3","481","5","1","1","55","57","1","1"
"C3935","85~CloneInstance","C736","L103","C:\Users\Sokaina\Downloads\Versiones-Junit5\junit5-r5.0.1\junit-jupiter-engine\src\test\java\org\junit\jupiter\engine\TestTemplateInvocationTests.java","128","3","141","87","1","1","583","14","1","1"
"C4889","318~CloneInstance","C1040","L103","C:\Users\Sokaina\Downloads\Versiones-Junit5\junit5-r5.0.1\junit-jupiter-engine\src\test\java\org\junit\jupiter\engine\TestTemplateInvocationTests.java","123","2","142","3","1","1","676","20","1","1"
"C3936","86~CloneInstance","C736","L103","C:\Users\Sokaina\Downloads\Versiones-Junit5\junit5-r5.0.1\junit-jupiter-engine\src\test\java\org\junit\jupiter\engine\TestTemplateInvocationTests.java","149","3","162","97","1","1","583","14","1","1"
"C4890","319~CloneInstance","C1040","L103","C:\Users\Sokaina\Downloads\Versiones-Junit5\junit5-r5.0.1\junit-jupiter-engine\src\test\java\org\junit\jupiter\engine\TestTemplateInvocationTests.java","144","2","163","3","1","1","676","20","1","1"
"C3937","87~CloneInstance","C736","L103","C:\Users\Sokaina\Downloads\Versiones-Junit5\junit5-r5.0.1\junit-jupiter-engine\src\test\java\org\junit\jupiter\engine\TestTemplateInvocationTests.java","215","3","226","88","1","1","583","12","1","1"
"C4905","321~CloneInstance","C1048","L103","C:\Users\Sokaina\Downloads\Versiones-Junit5\junit5-r5.0.1\platform-tests\src\test\java\org\junit\platform\console\ConsoleLauncherTests.java","48","2","58","3","1","1","112","11","1","1"
"C4906","322~CloneInstance","C1048","L103","C:\Users\Sokaina\Downloads\Versiones-Junit5\junit5-r5.0.1\platform-tests\src\test\java\org\junit\platform\console\ConsoleLauncherTests.java","60","2","70","3","1","1","112","11","1","1"
"C5210","428~CloneInstance","C1150","L103","C:\Users\Sokaina\Downloads\Versiones-Junit5\junit5-r5.0.1\junit-platform-engine\src\main\java\org\junit\platform\engine\UniqueId.java","153","2","164","3","1","3","267","12","1","1"
"C4719","224~CloneInstance","C990","L103","C:\Users\Sokaina\Downloads\Versiones-Junit5\junit5-r5.0.1\platform-tests\src\test\java\org\junit\platform\launcher\TagFilterTests.java","50","2","60","3","1","1","59","11","1","0"
"C4720","225~CloneInstance","C990","L103","C:\Users\Sokaina\Downloads\Versiones-Junit5\junit5-r5.0.1\platform-tests\src\test\java\org\junit\platform\launcher\TagFilterTests.java","68","2","78","3","1","1","59","11","1","0"
"C4999","354~CloneInstance","C1078","L103","C:\Users\Sokaina\Downloads\Versiones-Junit5\junit5-r5.0.1\platform-tests\src\test\java\org\junit\platform\launcher\TagFilterTests.java","96","2","107","3","1","1","204","12","1","1"
"C5000","355~CloneInstance","C1078","L103","C:\Users\Sokaina\Downloads\Versiones-Junit5\junit5-r5.0.1\platform-tests\src\test\java\org\junit\platform\launcher\TagFilterTests.java","119","2","130","3","1","1","204","12","1","1"
"C4661","191~CloneInstance","C972","L103","C:\Users\Sokaina\Downloads\Versiones-Junit5\junit5-r5.0.1\platform-tests\src\test\java\org\junit\platform\launcher\TestPlanTests.java","25","2","38","3","1","1","151","14","1","1"
"C4662","192~CloneInstance","C972","L103","C:\Users\Sokaina\Downloads\Versiones-Junit5\junit5-r5.0.1\platform-tests\src\test\java\org\junit\platform\launcher\TestPlanTests.java","40","2","53","3","1","1","151","14","1","1"
"C4628","175~CloneInstance","C959","L103","C:\Users\Sokaina\Downloads\Versiones-Junit5\junit5-r5.0.1\junit-vintage-engine\src\test\java\org\junit\vintage\engine\VintageTestEngineDiscoveryTests.java","81","2","94","3","1","1","122","14","1","1"
"C4629","176~CloneInstance","C959","L103","C:\Users\Sokaina\Downloads\Versiones-Junit5\junit5-r5.0.1\junit-vintage-engine\src\test\java\org\junit\vintage\engine\VintageTestEngineDiscoveryTests.java","111","2","124","3","1","1","122","14","1","1"
"C4630","177~CloneInstance","C959","L103","C:\Users\Sokaina\Downloads\Versiones-Junit5\junit5-r5.0.1\junit-vintage-engine\src\test\java\org\junit\vintage\engine\VintageTestEngineDiscoveryTests.java","126","2","139","3","1","1","122","14","1","1"
"C1471","14~CloneInstance","C156","L103","C:\Users\Sokaina\Downloads\Versiones-Junit5\junit5-r5.0.1\junit-vintage-engine\src\test\java\org\junit\vintage\engine\VintageTestEngineDiscoveryTests.java","147","3","157","70","1","1","126","11","1","1"
"C4631","179~CloneInstance","C960","L103","C:\Users\Sokaina\Downloads\Versiones-Junit5\junit5-r5.0.1\junit-vintage-engine\src\test\java\org\junit\vintage\engine\VintageTestEngineDiscoveryTests.java","141","2","158","3","1","1","146","18","1","1"
"C1472","15~CloneInstance","C156","L103","C:\Users\Sokaina\Downloads\Versiones-Junit5\junit5-r5.0.1\junit-vintage-engine\src\test\java\org\junit\vintage\engine\VintageTestEngineDiscoveryTests.java","166","3","176","70","1","1","126","11","1","1"
"C4632","180~CloneInstance","C960","L103","C:\Users\Sokaina\Downloads\Versiones-Junit5\junit5-r5.0.1\junit-vintage-engine\src\test\java\org\junit\vintage\engine\VintageTestEngineDiscoveryTests.java","160","2","177","3","1","1","146","18","1","1"
"C5101","398~CloneInstance","C1121","L103","C:\Users\Sokaina\Downloads\Versiones-Junit5\junit5-r5.0.1\junit-vintage-engine\src\test\java\org\junit\vintage\engine\VintageTestEngineDiscoveryTests.java","288","2","303","3","1","1","139","16","1","1"
"C5102","399~CloneInstance","C1121","L103","C:\Users\Sokaina\Downloads\Versiones-Junit5\junit5-r5.0.1\junit-vintage-engine\src\test\java\org\junit\vintage\engine\VintageTestEngineDiscoveryTests.java","305","2","320","3","1","1","139","16","1","1"
"C1473","16~CloneInstance","C156","L103","C:\Users\Sokaina\Downloads\Versiones-Junit5\junit5-r5.0.1\junit-vintage-engine\src\test\java\org\junit\vintage\engine\VintageTestEngineDiscoveryTests.java","443","3","453","70","1","1","126","11","1","1"
"C1474","17~CloneInstance","C156","L103","C:\Users\Sokaina\Downloads\Versiones-Junit5\junit5-r5.0.1\junit-vintage-engine\src\test\java\org\junit\vintage\engine\VintageTestEngineDiscoveryTests.java","464","3","474","70","1","1","126","11","1","1"
"C3953","89~CloneInstance","C743","L103","C:\Users\Sokaina\Downloads\Versiones-Junit5\junit5-r5.0.1\junit-vintage-engine\src\test\java\org\junit\vintage\engine\VintageTestEngineDiscoveryTests.java","484","3","494","56","1","1","89","11","1","0"
"C3954","90~CloneInstance","C743","L103","C:\Users\Sokaina\Downloads\Versiones-Junit5\junit5-r5.0.1\junit-vintage-engine\src\test\java\org\junit\vintage\engine\VintageTestEngineDiscoveryTests.java","536","3","546","56","1","1","89","11","1","0"
"C4621","172~CloneInstance","C956","L103","C:\Users\Sokaina\Downloads\Versiones-Junit5\junit5-r5.0.1\junit-vintage-engine\src\test\java\org\junit\vintage\engine\VintageTestEngineDiscoveryTests.java","530","3","539","59","1","1","202","10","1","1"
"C4622","173~CloneInstance","C956","L103","C:\Users\Sokaina\Downloads\Versiones-Junit5\junit5-r5.0.1\junit-vintage-engine\src\test\java\org\junit\vintage\engine\VintageTestEngineDiscoveryTests.java","551","3","560","59","1","1","200","10","1","1"
"C4611","169~CloneInstance","C952","L103","C:\Users\Sokaina\Downloads\Versiones-Junit5\junit5-r5.0.1\junit-vintage-engine\src\test\java\org\junit\vintage\engine\VintageTestEngineDiscoveryTests.java","567","2","578","3","1","1","155","12","1","1"
"C4612","170~CloneInstance","C952","L103","C:\Users\Sokaina\Downloads\Versiones-Junit5\junit5-r5.0.1\junit-vintage-engine\src\test\java\org\junit\vintage\engine\VintageTestEngineDiscoveryTests.java","580","2","591","3","1","1","155","12","1","1"
"C5142","414~CloneInstance","C1134","L103","C:\Users\Sokaina\Downloads\Versiones-Junit5\junit5-r5.0.1\junit-vintage-engine\src\test\java\org\junit\vintage\engine\VintageTestEngineExecutionTests.java","221","2","239","3","1","1","591","19","1","1"
"C5143","415~CloneInstance","C1134","L103","C:\Users\Sokaina\Downloads\Versiones-Junit5\junit5-r5.0.1\junit-vintage-engine\src\test\java\org\junit\vintage\engine\VintageTestEngineExecutionTests.java","241","2","259","3","1","1","591","19","1","1"
"C4989","350~CloneInstance","C1074","L103","C:\Users\Sokaina\Downloads\Versiones-Junit5\junit5-r5.0.1\junit-jupiter-engine\src\test\java\org\junit\jupiter\engine\discovery\DiscoverySelectorResolverTests.java","254","2","264","3","1","1","199","11","1","1"
"C4990","351~CloneInstance","C1074","L103","C:\Users\Sokaina\Downloads\Versiones-Junit5\junit5-r5.0.1\junit-jupiter-engine\src\test\java\org\junit\jupiter\engine\discovery\DiscoverySelectorResolverTests.java","266","2","277","3","1","1","199","12","1","1"
"C4991","352~CloneInstance","C1074","L103","C:\Users\Sokaina\Downloads\Versiones-Junit5\junit5-r5.0.1\junit-jupiter-engine\src\test\java\org\junit\jupiter\engine\discovery\DiscoverySelectorResolverTests.java","279","2","290","3","1","1","199","12","1","1"
"C3232","61~CloneInstance","C540","L103","C:\Users\Sokaina\Downloads\Versiones-Junit5\junit5-r5.0.1\junit-jupiter-engine\src\test\java\org\junit\jupiter\engine\discovery\DiscoverySelectorResolverTests.java","346","3","357","91","1","1","97","12","1","0"
"C3233","62~CloneInstance","C540","L103","C:\Users\Sokaina\Downloads\Versiones-Junit5\junit5-r5.0.1\junit-jupiter-engine\src\test\java\org\junit\jupiter\engine\discovery\DiscoverySelectorResolverTests.java","370","3","381","91","1","1","98","12","1","0"
"C1378","11~CloneInstance","C130","L103","C:\Users\Sokaina\Downloads\Versiones-Junit5\junit5-r5.0.1\junit-jupiter-engine\src\test\java\org\junit\jupiter\engine\discovery\DiscoverySelectorResolverTests.java","447","3","456","97","1","1","164","10","1","1"
"C1379","12~CloneInstance","C130","L103","C:\Users\Sokaina\Downloads\Versiones-Junit5\junit5-r5.0.1\junit-jupiter-engine\src\test\java\org\junit\jupiter\engine\discovery\DiscoverySelectorResolverTests.java","463","3","472","97","1","1","164","10","1","1"
"C5103","401~CloneInstance","C1122","L103","C:\Users\Sokaina\Downloads\Versiones-Junit5\junit5-r5.0.1\junit-jupiter-engine\src\test\java\org\junit\jupiter\engine\discovery\DiscoverySelectorResolverTests.java","505","2","514","3","1","1","178","10","1","1"
"C5104","402~CloneInstance","C1122","L103","C:\Users\Sokaina\Downloads\Versiones-Junit5\junit5-r5.0.1\junit-jupiter-engine\src\test\java\org\junit\jupiter\engine\discovery\DiscoverySelectorResolverTests.java","516","2","525","3","1","1","178","10","1","1"
"C5105","404~CloneInstance","C1123","L103","C:\Users\Sokaina\Downloads\Versiones-Junit5\junit5-r5.0.1\junit-jupiter-engine\src\test\java\org\junit\jupiter\engine\discovery\DiscoverySelectorResolverTests.java","527","2","537","3","1","1","210","11","1","1"
"C5106","405~CloneInstance","C1123","L103","C:\Users\Sokaina\Downloads\Versiones-Junit5\junit5-r5.0.1\junit-jupiter-engine\src\test\java\org\junit\jupiter\engine\discovery\DiscoverySelectorResolverTests.java","539","2","549","3","1","1","210","11","1","1"
"C5261","437~CloneInstance","C1167","L103","C:\Users\Sokaina\Downloads\Versiones-Junit5\junit5-r5.0.1\junit-jupiter-engine\src\main\java\org\junit\jupiter\engine\execution\DefaultParameterContext.java","51","2","60","3","1","1","24","10","1","0"
"C4681","202~CloneInstance","C981","L103","C:\Users\Sokaina\Downloads\Versiones-Junit5\junit5-r5.0.1\junit-jupiter-engine\src\test\java\org\junit\jupiter\engine\extension\BeforeAndAfterAllTests.java","85","2","108","3","1","1","22","24","1","0"
"C4682","203~CloneInstance","C981","L103","C:\Users\Sokaina\Downloads\Versiones-Junit5\junit5-r5.0.1\junit-jupiter-engine\src\test\java\org\junit\jupiter\engine\extension\BeforeAndAfterAllTests.java","110","2","135","3","1","1","22","26","1","0"
"C4813","305~CloneInstance","C1030","L103","C:\Users\Sokaina\Downloads\Versiones-Junit5\junit5-r5.0.1\junit-jupiter-engine\src\test\java\org\junit\jupiter\engine\extension\BeforeAndAfterEachTests.java","57","2","96","3","1","1","258","40","1","2"
"C4800","287~CloneInstance","C1025","L103","C:\Users\Sokaina\Downloads\Versiones-Junit5\junit5-r5.0.1\junit-jupiter-engine\src\test\java\org\junit\jupiter\engine\extension\BeforeAndAfterEachTests.java","98","2","119","3","1","1","258","22","1","1"
"C4804","293~CloneInstance","C1027","L103","C:\Users\Sokaina\Downloads\Versiones-Junit5\junit5-r5.0.1\junit-jupiter-engine\src\test\java\org\junit\jupiter\engine\extension\BeforeAndAfterEachTests.java","100","3","117","43","1","1","239","18","1","1"
"C4811","302~CloneInstance","C1029","L103","C:\Users\Sokaina\Downloads\Versiones-Junit5\junit5-r5.0.1\junit-jupiter-engine\src\test\java\org\junit\jupiter\engine\extension\BeforeAndAfterEachTests.java","121","2","152","3","1","1","258","32","1","1"
"C4809","299~CloneInstance","C1028","L103","C:\Users\Sokaina\Downloads\Versiones-Junit5\junit5-r5.0.1\junit-jupiter-engine\src\test\java\org\junit\jupiter\engine\extension\BeforeAndAfterEachTests.java","185","3","206","43","1","1","239","22","1","1"
"C4802","290~CloneInstance","C1026","L103","C:\Users\Sokaina\Downloads\Versiones-Junit5\junit5-r5.0.1\junit-jupiter-engine\src\test\java\org\junit\jupiter\engine\extension\BeforeAndAfterEachTests.java","257","2","281","3","1","1","261","25","1","1"
"C4805","294~CloneInstance","C1027","L103","C:\Users\Sokaina\Downloads\Versiones-Junit5\junit5-r5.0.1\junit-jupiter-engine\src\test\java\org\junit\jupiter\engine\extension\BeforeAndAfterEachTests.java","259","3","277","43","1","1","239","19","1","1"
"C4803","291~CloneInstance","C1026","L103","C:\Users\Sokaina\Downloads\Versiones-Junit5\junit5-r5.0.1\junit-jupiter-engine\src\test\java\org\junit\jupiter\engine\extension\BeforeAndAfterEachTests.java","283","2","307","3","1","1","261","25","1","1"
"C4806","295~CloneInstance","C1027","L103","C:\Users\Sokaina\Downloads\Versiones-Junit5\junit5-r5.0.1\junit-jupiter-engine\src\test\java\org\junit\jupiter\engine\extension\BeforeAndAfterEachTests.java","285","3","303","43","1","1","239","19","1","1"
"C4814","306~CloneInstance","C1030","L103","C:\Users\Sokaina\Downloads\Versiones-Junit5\junit5-r5.0.1\junit-jupiter-engine\src\test\java\org\junit\jupiter\engine\extension\BeforeAndAfterTestExecutionCallbackTests.java","58","2","97","3","1","1","258","40","1","2"
"C4801","288~CloneInstance","C1025","L103","C:\Users\Sokaina\Downloads\Versiones-Junit5\junit5-r5.0.1\junit-jupiter-engine\src\test\java\org\junit\jupiter\engine\extension\BeforeAndAfterTestExecutionCallbackTests.java","99","2","120","3","1","1","258","22","1","1"
"C4807","296~CloneInstance","C1027","L103","C:\Users\Sokaina\Downloads\Versiones-Junit5\junit5-r5.0.1\junit-jupiter-engine\src\test\java\org\junit\jupiter\engine\extension\BeforeAndAfterTestExecutionCallbackTests.java","101","3","118","43","1","1","239","18","1","1"
"C4812","303~CloneInstance","C1029","L103","C:\Users\Sokaina\Downloads\Versiones-Junit5\junit5-r5.0.1\junit-jupiter-engine\src\test\java\org\junit\jupiter\engine\extension\BeforeAndAfterTestExecutionCallbackTests.java","122","2","153","3","1","1","258","32","1","1"
"C4810","300~CloneInstance","C1028","L103","C:\Users\Sokaina\Downloads\Versiones-Junit5\junit5-r5.0.1\junit-jupiter-engine\src\test\java\org\junit\jupiter\engine\extension\BeforeAndAfterTestExecutionCallbackTests.java","215","3","236","43","1","1","239","22","1","1"
"C4808","297~CloneInstance","C1027","L103","C:\Users\Sokaina\Downloads\Versiones-Junit5\junit5-r5.0.1\junit-jupiter-engine\src\test\java\org\junit\jupiter\engine\extension\BeforeAndAfterTestExecutionCallbackTests.java","246","3","264","43","1","1","239","19","1","1"
"C4913","324~CloneInstance","C1052","L103","C:\Users\Sokaina\Downloads\Versiones-Junit5\junit5-r5.0.1\junit-jupiter-engine\src\test\java\org\junit\jupiter\engine\extension\ParameterResolverTests.java","66","2","75","3","1","1","139","10","1","1"
"C4914","325~CloneInstance","C1052","L103","C:\Users\Sokaina\Downloads\Versiones-Junit5\junit5-r5.0.1\junit-jupiter-engine\src\test\java\org\junit\jupiter\engine\extension\ParameterResolverTests.java","77","2","86","3","1","1","139","10","1","1"
"C4950","332~CloneInstance","C1056","L103","C:\Users\Sokaina\Downloads\Versiones-Junit5\junit5-r5.0.1\junit-jupiter-engine\src\test\java\org\junit\jupiter\engine\extension\ParameterResolverTests.java","88","2","108","3","1","1","247","21","1","1"
"C4951","333~CloneInstance","C1056","L103","C:\Users\Sokaina\Downloads\Versiones-Junit5\junit5-r5.0.1\junit-jupiter-engine\src\test\java\org\junit\jupiter\engine\extension\ParameterResolverTests.java","128","2","149","3","1","1","247","22","1","1"
"C4915","326~CloneInstance","C1052","L103","C:\Users\Sokaina\Downloads\Versiones-Junit5\junit5-r5.0.1\junit-jupiter-engine\src\test\java\org\junit\jupiter\engine\extension\ParameterResolverTests.java","151","2","160","3","1","1","139","10","1","1"
"C4916","327~CloneInstance","C1052","L103","C:\Users\Sokaina\Downloads\Versiones-Junit5\junit5-r5.0.1\junit-jupiter-engine\src\test\java\org\junit\jupiter\engine\extension\ParameterResolverTests.java","162","2","171","3","1","1","139","10","1","1"
"C4917","328~CloneInstance","C1052","L103","C:\Users\Sokaina\Downloads\Versiones-Junit5\junit5-r5.0.1\junit-jupiter-engine\src\test\java\org\junit\jupiter\engine\extension\ParameterResolverTests.java","173","2","182","3","1","1","139","10","1","1"
"C4873","308~CloneInstance","C1034","L103","C:\Users\Sokaina\Downloads\Versiones-Junit5\junit5-r5.0.1\junit-jupiter-engine\src\test\java\org\junit\jupiter\engine\extension\TestExecutionExceptionHandlerTests.java","62","2","77","3","1","1","605","16","1","1"
"C4874","309~CloneInstance","C1034","L103","C:\Users\Sokaina\Downloads\Versiones-Junit5\junit5-r5.0.1\junit-jupiter-engine\src\test\java\org\junit\jupiter\engine\extension\TestExecutionExceptionHandlerTests.java","96","2","111","3","1","1","605","16","1","1"
"C5208","426~CloneInstance","C1150","L103","C:\Users\Sokaina\Downloads\Versiones-Junit5\junit5-r5.0.1\junit-jupiter-api\src\main\java\org\junit\jupiter\api\extension\ExtensionContext.java","423","3","433","4","1","3","21","11","1","0"
"C4778","273~CloneInstance","C1015","L103","C:\Users\Sokaina\Downloads\Versiones-Junit5\junit5-r5.0.1\junit-jupiter-engine\src\test\java\org\junit\jupiter\engine\execution\ExtensionValuesStoreTests.java","157","3","167","4","1","1","137","11","1","1"
"C4779","274~CloneInstance","C1015","L103","C:\Users\Sokaina\Downloads\Versiones-Junit5\junit5-r5.0.1\junit-jupiter-engine\src\test\java\org\junit\jupiter\engine\execution\ExtensionValuesStoreTests.java","241","3","251","4","1","1","137","11","1","1"
"C4450","102~CloneInstance","C888","L103","C:\Users\Sokaina\Downloads\Versiones-Junit5\junit5-r5.0.1\junit-platform-commons\src\main\java\org\junit\platform\commons\util\StringUtils.java","141","5","152","6","1","5","8","12","1","0"
"C4451","103~CloneInstance","C888","L103","C:\Users\Sokaina\Downloads\Versiones-Junit5\junit5-r5.0.1\junit-platform-commons\src\main\java\org\junit\platform\commons\util\StringUtils.java","153","5","164","6","1","5","8","12","1","0"
"C4608","165~CloneInstance","C951","L103","C:\Users\Sokaina\Downloads\Versiones-Junit5\junit5-r5.0.1\platform-tests\src\test\java\org\junit\platform\commons\util\ClasspathScannerTests.java","72","2","82","3","1","2","21","11","1","0"
"C4609","166~CloneInstance","C951","L103","C:\Users\Sokaina\Downloads\Versiones-Junit5\junit5-r5.0.1\platform-tests\src\test\java\org\junit\platform\commons\util\ClasspathScannerTests.java","84","2","94","3","1","2","21","11","1","0"
"C4610","167~CloneInstance","C951","L103","C:\Users\Sokaina\Downloads\Versiones-Junit5\junit5-r5.0.1\platform-tests\src\test\java\org\junit\platform\commons\util\ClasspathScannerTests.java","96","2","106","3","1","2","21","11","1","0"
"C4483","111~CloneInstance","C904","L103","C:\Users\Sokaina\Downloads\Versiones-Junit5\junit5-r5.0.1\platform-tests\src\test\java\org\junit\platform\commons\util\ReflectionUtilsTests.java","802","2","820","3","1","1","243","19","1","1"
"C4484","112~CloneInstance","C904","L103","C:\Users\Sokaina\Downloads\Versiones-Junit5\junit5-r5.0.1\platform-tests\src\test\java\org\junit\platform\commons\util\ReflectionUtilsTests.java","822","2","841","3","1","1","243","20","1","1"
"C4636","182~CloneInstance","C962","L103","C:\Users\Sokaina\Downloads\Versiones-Junit5\junit5-r5.0.1\platform-tests\src\test\java\org\junit\platform\commons\util\ReflectionUtilsTests.java","899","3","916","35","1","1","255","18","1","1"
"C4637","183~CloneInstance","C962","L103","C:\Users\Sokaina\Downloads\Versiones-Junit5\junit5-r5.0.1\platform-tests\src\test\java\org\junit\platform\commons\util\ReflectionUtilsTests.java","924","3","941","35","1","1","255","18","1","1"
"C1346","4~CloneInstance","C121","L103","C:\Users\Sokaina\Downloads\Versiones-Junit5\junit5-r5.0.1\junit-platform-console\src\main\java\org\junit\platform\console\options\AvailableOptions.java","129","3","143","24","1","1","8","15","1","0"
"C1347","5~CloneInstance","C121","L103","C:\Users\Sokaina\Downloads\Versiones-Junit5\junit5-r5.0.1\junit-platform-console\src\main\java\org\junit\platform\console\options\AvailableOptions.java","174","3","186","24","1","1","8","13","1","0"
"C1348","7~CloneInstance","C122","L103","C:\Users\Sokaina\Downloads\Versiones-Junit5\junit5-r5.0.1\junit-platform-console\src\main\java\org\junit\platform\console\options\AvailableOptions.java","129","3","139","24","1","1","6","11","1","0"
"C1349","8~CloneInstance","C122","L103","C:\Users\Sokaina\Downloads\Versiones-Junit5\junit5-r5.0.1\junit-platform-console\src\main\java\org\junit\platform\console\options\AvailableOptions.java","141","3","151","24","1","1","6","11","1","0"
"C1350","9~CloneInstance","C122","L103","C:\Users\Sokaina\Downloads\Versiones-Junit5\junit5-r5.0.1\junit-platform-console\src\main\java\org\junit\platform\console\options\AvailableOptions.java","174","3","183","24","1","1","6","10","1","0"
"C4717","221~CloneInstance","C989","L103","C:\Users\Sokaina\Downloads\Versiones-Junit5\junit5-r5.0.1\platform-tests\src\test\java\org\junit\platform\console\options\JOptSimpleCommandLineOptionsParserTests.java","121","2","130","3","1","1","138","10","1","1"
"C4718","222~CloneInstance","C989","L103","C:\Users\Sokaina\Downloads\Versiones-Junit5\junit5-r5.0.1\platform-tests\src\test\java\org\junit\platform\console\options\JOptSimpleCommandLineOptionsParserTests.java","132","2","141","3","1","1","138","10","1","1"
"C4703","218~CloneInstance","C987","L103","C:\Users\Sokaina\Downloads\Versiones-Junit5\junit5-r5.0.1\platform-tests\src\test\java\org\junit\platform\console\options\JOptSimpleCommandLineOptionsParserTests.java","158","2","170","3","1","1","138","13","1","1"
"C4704","219~CloneInstance","C987","L103","C:\Users\Sokaina\Downloads\Versiones-Junit5\junit5-r5.0.1\platform-tests\src\test\java\org\junit\platform\console\options\JOptSimpleCommandLineOptionsParserTests.java","172","2","184","3","1","1","138","13","1","1"
"C4693","215~CloneInstance","C985","L103","C:\Users\Sokaina\Downloads\Versiones-Junit5\junit5-r5.0.1\platform-tests\src\test\java\org\junit\platform\console\options\JOptSimpleCommandLineOptionsParserTests.java","186","2","196","3","1","1","158","11","1","1"
"C4694","216~CloneInstance","C985","L103","C:\Users\Sokaina\Downloads\Versiones-Junit5\junit5-r5.0.1\platform-tests\src\test\java\org\junit\platform\console\options\JOptSimpleCommandLineOptionsParserTests.java","203","2","213","3","1","1","158","11","1","1"
"C4685","205~CloneInstance","C983","L103","C:\Users\Sokaina\Downloads\Versiones-Junit5\junit5-r5.0.1\platform-tests\src\test\java\org\junit\platform\console\options\JOptSimpleCommandLineOptionsParserTests.java","220","2","229","3","1","1","138","10","1","1"
"C4686","206~CloneInstance","C983","L103","C:\Users\Sokaina\Downloads\Versiones-Junit5\junit5-r5.0.1\platform-tests\src\test\java\org\junit\platform\console\options\JOptSimpleCommandLineOptionsParserTests.java","236","2","245","3","1","1","138","10","1","1"
"C4687","208~CloneInstance","C984","L103","C:\Users\Sokaina\Downloads\Versiones-Junit5\junit5-r5.0.1\platform-tests\src\test\java\org\junit\platform\console\options\JOptSimpleCommandLineOptionsParserTests.java","312","2","325","3","1","1","218","14","1","1"
"C4688","209~CloneInstance","C984","L103","C:\Users\Sokaina\Downloads\Versiones-Junit5\junit5-r5.0.1\platform-tests\src\test\java\org\junit\platform\console\options\JOptSimpleCommandLineOptionsParserTests.java","332","2","345","3","1","1","218","14","1","1"
"C4689","210~CloneInstance","C984","L103","C:\Users\Sokaina\Downloads\Versiones-Junit5\junit5-r5.0.1\platform-tests\src\test\java\org\junit\platform\console\options\JOptSimpleCommandLineOptionsParserTests.java","352","2","365","3","1","1","218","14","1","1"
"C4690","211~CloneInstance","C984","L103","C:\Users\Sokaina\Downloads\Versiones-Junit5\junit5-r5.0.1\platform-tests\src\test\java\org\junit\platform\console\options\JOptSimpleCommandLineOptionsParserTests.java","372","2","385","3","1","1","218","14","1","1"
"C4691","212~CloneInstance","C984","L103","C:\Users\Sokaina\Downloads\Versiones-Junit5\junit5-r5.0.1\platform-tests\src\test\java\org\junit\platform\console\options\JOptSimpleCommandLineOptionsParserTests.java","392","2","406","3","1","1","218","15","1","1"
"C4692","213~CloneInstance","C984","L103","C:\Users\Sokaina\Downloads\Versiones-Junit5\junit5-r5.0.1\platform-tests\src\test\java\org\junit\platform\console\options\JOptSimpleCommandLineOptionsParserTests.java","413","2","426","3","1","1","218","14","1","1"
"C1311","1~CloneInstance","C107","L103","C:\Users\Sokaina\Downloads\Versiones-Junit5\junit5-r5.0.1\junit-platform-console\src\main\java\org\junit\platform\console\tasks\DiscoveryRequestCreator.java","97","3","107","4","1","4","131","11","1","1"
"C1312","2~CloneInstance","C107","L103","C:\Users\Sokaina\Downloads\Versiones-Junit5\junit5-r5.0.1\junit-platform-console\src\main\java\org\junit\platform\console\tasks\DiscoveryRequestCreator.java","109","3","119","4","1","4","128","11","1","1"
"C4468","108~CloneInstance","C897","L103","C:\Users\Sokaina\Downloads\Versiones-Junit5\junit5-r5.0.1\platform-tests\src\test\java\org\junit\platform\console\tasks\ConsoleTestExecutorTests.java","61","2","71","3","1","1","166","11","1","1"
"C4469","109~CloneInstance","C897","L103","C:\Users\Sokaina\Downloads\Versiones-Junit5\junit5-r5.0.1\platform-tests\src\test\java\org\junit\platform\console\tasks\ConsoleTestExecutorTests.java","73","2","83","3","1","1","166","11","1","1"
"C4638","185~CloneInstance","C963","L103","C:\Users\Sokaina\Downloads\Versiones-Junit5\junit5-r5.0.1\platform-tests\src\test\java\org\junit\platform\console\tasks\DiscoveryRequestCreatorTests.java","68","2","80","3","1","1","81","13","1","0"
"C4639","186~CloneInstance","C963","L103","C:\Users\Sokaina\Downloads\Versiones-Junit5\junit5-r5.0.1\platform-tests\src\test\java\org\junit\platform\console\tasks\DiscoveryRequestCreatorTests.java","82","2","94","3","1","1","81","13","1","0"
"C4640","188~CloneInstance","C964","L103","C:\Users\Sokaina\Downloads\Versiones-Junit5\junit5-r5.0.1\platform-tests\src\test\java\org\junit\platform\console\tasks\DiscoveryRequestCreatorTests.java","117","2","128","3","1","1","81","12","1","0"
"C4641","189~CloneInstance","C964","L103","C:\Users\Sokaina\Downloads\Versiones-Junit5\junit5-r5.0.1\platform-tests\src\test\java\org\junit\platform\console\tasks\DiscoveryRequestCreatorTests.java","130","2","141","3","1","1","81","12","1","0"
"C1923","25~CloneInstance","C250","L103","C:\Users\Sokaina\Downloads\Versiones-Junit5\junit5-r5.0.1\platform-tests\src\test\java\org\junit\platform\console\tasks\XmlReportWriterTests.java","92","3","101","20","1","1","102","10","1","1"
"C1924","26~CloneInstance","C250","L103","C:\Users\Sokaina\Downloads\Versiones-Junit5\junit5-r5.0.1\platform-tests\src\test\java\org\junit\platform\console\tasks\XmlReportWriterTests.java","125","3","134","20","1","1","102","10","1","1"
"C1925","27~CloneInstance","C250","L103","C:\Users\Sokaina\Downloads\Versiones-Junit5\junit5-r5.0.1\platform-tests\src\test\java\org\junit\platform\console\tasks\XmlReportWriterTests.java","147","3","156","20","1","1","102","10","1","1"
"C5463","459~CloneInstance","C1231","L103","C:\Users\Sokaina\Downloads\Versiones-Junit5\junit5-r5.0.1\junit-platform-engine\src\main\java\org\junit\platform\engine\discovery\DiscoverySelectors.java","124","2","134","3","1","2","142","11","1","1"
"C5464","460~CloneInstance","C1231","L103","C:\Users\Sokaina\Downloads\Versiones-Junit5\junit5-r5.0.1\junit-platform-engine\src\main\java\org\junit\platform\engine\discovery\DiscoverySelectors.java","166","2","177","3","1","2","142","12","1","1"
"C5259","434~CloneInstance","C1166","L103","C:\Users\Sokaina\Downloads\Versiones-Junit5\junit5-r5.0.1\junit-platform-engine\src\main\java\org\junit\platform\engine\discovery\MethodSelector.java","146","2","155","3","1","1","21","10","1","0"
"C4667","197~CloneInstance","C975","L103","C:\Users\Sokaina\Downloads\Versiones-Junit5\junit5-r5.0.1\platform-tests\src\test\java\org\junit\platform\engine\discovery\ClassNameFilterTests.java","26","2","37","3","1","1","119","12","1","1"
"C5041","378~CloneInstance","C1095","L103","C:\Users\Sokaina\Downloads\Versiones-Junit5\junit5-r5.0.1\platform-tests\src\test\java\org\junit\platform\engine\discovery\ClassNameFilterTests.java","39","2","56","3","1","1","154","18","1","1"
"C3548","72~CloneInstance","C637","L103","C:\Users\Sokaina\Downloads\Versiones-Junit5\junit5-r5.0.1\platform-tests\src\test\java\org\junit\platform\engine\discovery\ClassNameFilterTests.java","68","3","82","27","1","1","162","15","1","1"
"C3552","77~CloneInstance","C638","L103","C:\Users\Sokaina\Downloads\Versiones-Junit5\junit5-r5.0.1\platform-tests\src\test\java\org\junit\platform\engine\discovery\ClassNameFilterTests.java","68","3","79","63","1","1","161","12","1","1"
"C5049","381~CloneInstance","C1099","L103","C:\Users\Sokaina\Downloads\Versiones-Junit5\junit5-r5.0.1\platform-tests\src\test\java\org\junit\platform\engine\discovery\ClassNameFilterTests.java","58","2","83","3","1","1","192","26","1","1"
"C5053","387~CloneInstance","C1101","L103","C:\Users\Sokaina\Downloads\Versiones-Junit5\junit5-r5.0.1\platform-tests\src\test\java\org\junit\platform\engine\discovery\ClassNameFilterTests.java","60","3","79","63","1","1","176","20","1","1"
"C4668","198~CloneInstance","C975","L103","C:\Users\Sokaina\Downloads\Versiones-Junit5\junit5-r5.0.1\platform-tests\src\test\java\org\junit\platform\engine\discovery\ClassNameFilterTests.java","85","2","96","3","1","1","119","12","1","1"
"C5042","379~CloneInstance","C1095","L103","C:\Users\Sokaina\Downloads\Versiones-Junit5\junit5-r5.0.1\platform-tests\src\test\java\org\junit\platform\engine\discovery\ClassNameFilterTests.java","98","2","116","3","1","1","154","19","1","1"
"C3549","73~CloneInstance","C637","L103","C:\Users\Sokaina\Downloads\Versiones-Junit5\junit5-r5.0.1\platform-tests\src\test\java\org\junit\platform\engine\discovery\ClassNameFilterTests.java","128","3","142","27","1","1","162","15","1","1"
"C3553","78~CloneInstance","C638","L103","C:\Users\Sokaina\Downloads\Versiones-Junit5\junit5-r5.0.1\platform-tests\src\test\java\org\junit\platform\engine\discovery\ClassNameFilterTests.java","128","3","139","62","1","1","161","12","1","1"
"C5050","382~CloneInstance","C1099","L103","C:\Users\Sokaina\Downloads\Versiones-Junit5\junit5-r5.0.1\platform-tests\src\test\java\org\junit\platform\engine\discovery\ClassNameFilterTests.java","118","2","143","3","1","1","192","26","1","1"
"C5054","388~CloneInstance","C1101","L103","C:\Users\Sokaina\Downloads\Versiones-Junit5\junit5-r5.0.1\platform-tests\src\test\java\org\junit\platform\engine\discovery\ClassNameFilterTests.java","120","3","139","62","1","1","176","20","1","1"
"C4487","117~CloneInstance","C906","L103","C:\Users\Sokaina\Downloads\Versiones-Junit5\junit5-r5.0.1\platform-tests\src\test\java\org\junit\platform\engine\discovery\DiscoverySelectorsTests.java","71","2","82","3","1","1","234","12","1","1"
"C4485","114~CloneInstance","C905","L103","C:\Users\Sokaina\Downloads\Versiones-Junit5\junit5-r5.0.1\platform-tests\src\test\java\org\junit\platform\engine\discovery\DiscoverySelectorsTests.java","84","2","98","3","1","1","234","15","1","1"
"C4488","118~CloneInstance","C906","L103","C:\Users\Sokaina\Downloads\Versiones-Junit5\junit5-r5.0.1\platform-tests\src\test\java\org\junit\platform\engine\discovery\DiscoverySelectorsTests.java","100","2","111","3","1","1","234","12","1","1"
"C4486","115~CloneInstance","C905","L103","C:\Users\Sokaina\Downloads\Versiones-Junit5\junit5-r5.0.1\platform-tests\src\test\java\org\junit\platform\engine\discovery\DiscoverySelectorsTests.java","113","2","127","3","1","1","234","15","1","1"
"C4669","199~CloneInstance","C975","L103","C:\Users\Sokaina\Downloads\Versiones-Junit5\junit5-r5.0.1\platform-tests\src\test\java\org\junit\platform\engine\discovery\PackageNameFilterTests.java","26","2","37","3","1","1","119","12","1","1"
"C3550","74~CloneInstance","C637","L103","C:\Users\Sokaina\Downloads\Versiones-Junit5\junit5-r5.0.1\platform-tests\src\test\java\org\junit\platform\engine\discovery\PackageNameFilterTests.java","53","3","67","32","1","1","162","15","1","1"
"C3554","79~CloneInstance","C638","L103","C:\Users\Sokaina\Downloads\Versiones-Junit5\junit5-r5.0.1\platform-tests\src\test\java\org\junit\platform\engine\discovery\PackageNameFilterTests.java","48","3","59","72","1","1","161","12","1","1"
"C5051","384~CloneInstance","C1100","L103","C:\Users\Sokaina\Downloads\Versiones-Junit5\junit5-r5.0.1\platform-tests\src\test\java\org\junit\platform\engine\discovery\PackageNameFilterTests.java","39","2","74","3","1","1","268","36","1","2"
"C5055","389~CloneInstance","C1101","L103","C:\Users\Sokaina\Downloads\Versiones-Junit5\junit5-r5.0.1\platform-tests\src\test\java\org\junit\platform\engine\discovery\PackageNameFilterTests.java","41","3","59","72","1","1","185","19","1","1"
"C4670","200~CloneInstance","C975","L103","C:\Users\Sokaina\Downloads\Versiones-Junit5\junit5-r5.0.1\platform-tests\src\test\java\org\junit\platform\engine\discovery\PackageNameFilterTests.java","76","2","87","3","1","1","119","12","1","1"
"C3551","75~CloneInstance","C637","L103","C:\Users\Sokaina\Downloads\Versiones-Junit5\junit5-r5.0.1\platform-tests\src\test\java\org\junit\platform\engine\discovery\PackageNameFilterTests.java","103","3","117","32","1","1","162","15","1","1"
"C3555","80~CloneInstance","C638","L103","C:\Users\Sokaina\Downloads\Versiones-Junit5\junit5-r5.0.1\platform-tests\src\test\java\org\junit\platform\engine\discovery\PackageNameFilterTests.java","98","3","109","73","1","1","161","12","1","1"
"C5052","385~CloneInstance","C1100","L103","C:\Users\Sokaina\Downloads\Versiones-Junit5\junit5-r5.0.1\platform-tests\src\test\java\org\junit\platform\engine\discovery\PackageNameFilterTests.java","89","2","124","3","1","1","268","36","1","2"
"C5056","390~CloneInstance","C1101","L103","C:\Users\Sokaina\Downloads\Versiones-Junit5\junit5-r5.0.1\platform-tests\src\test\java\org\junit\platform\engine\discovery\PackageNameFilterTests.java","91","3","109","73","1","1","185","19","1","1"
"C5194","423~CloneInstance","C1148","L103","C:\Users\Sokaina\Downloads\Versiones-Junit5\junit5-r5.0.1\junit-platform-engine\src\main\java\org\junit\platform\engine\UniqueId.java","223","3","234","4","1","3","1","12","1","0"
"C5027","363~CloneInstance","C1088","L103","C:\Users\Sokaina\Downloads\Versiones-Junit5\junit5-r5.0.1\platform-tests\src\test\java\org\junit\platform\launcher\core\DefaultLauncherTests.java","137","2","150","3","1","1","215","14","1","1"
"C5028","364~CloneInstance","C1088","L103","C:\Users\Sokaina\Downloads\Versiones-Junit5\junit5-r5.0.1\platform-tests\src\test\java\org\junit\platform\launcher\core\DefaultLauncherTests.java","152","2","165","3","1","1","215","14","1","1"
"C5007","357~CloneInstance","C1082","L103","C:\Users\Sokaina\Downloads\Versiones-Junit5\junit5-r5.0.1\platform-tests\src\test\java\org\junit\platform\launcher\core\DefaultLauncherTests.java","200","2","221","3","1","1","309","22","1","1"
"C5008","358~CloneInstance","C1082","L103","C:\Users\Sokaina\Downloads\Versiones-Junit5\junit5-r5.0.1\platform-tests\src\test\java\org\junit\platform\launcher\core\DefaultLauncherTests.java","263","2","284","3","1","1","309","22","1","1"
"C4508","126~CloneInstance","C915","L103","C:\Users\Sokaina\Downloads\Versiones-Junit5\junit5-r5.0.1\platform-tests\src\test\java\org\junit\platform\runner\JUnitPlatformRunnerTests.java","145","3","161","4","1","1","147","17","1","1"
"C4509","127~CloneInstance","C915","L103","C:\Users\Sokaina\Downloads\Versiones-Junit5\junit5-r5.0.1\platform-tests\src\test\java\org\junit\platform\runner\JUnitPlatformRunnerTests.java","163","3","179","4","1","1","147","17","1","1"
"C4506","123~CloneInstance","C914","L103","C:\Users\Sokaina\Downloads\Versiones-Junit5\junit5-r5.0.1\platform-tests\src\test\java\org\junit\platform\runner\JUnitPlatformRunnerTests.java","181","3","197","4","1","1","167","17","1","1"
"C4507","124~CloneInstance","C914","L103","C:\Users\Sokaina\Downloads\Versiones-Junit5\junit5-r5.0.1\platform-tests\src\test\java\org\junit\platform\runner\JUnitPlatformRunnerTests.java","199","3","215","4","1","1","167","17","1","1"
"C4524","134~CloneInstance","C919","L103","C:\Users\Sokaina\Downloads\Versiones-Junit5\junit5-r5.0.1\platform-tests\src\test\java\org\junit\platform\runner\JUnitPlatformRunnerTests.java","275","3","287","4","1","1","94","13","1","0"
"C4525","135~CloneInstance","C919","L103","C:\Users\Sokaina\Downloads\Versiones-Junit5\junit5-r5.0.1\platform-tests\src\test\java\org\junit\platform\runner\JUnitPlatformRunnerTests.java","289","3","300","4","1","1","94","12","1","0"
"C4513","129~CloneInstance","C917","L103","C:\Users\Sokaina\Downloads\Versiones-Junit5\junit5-r5.0.1\platform-tests\src\test\java\org\junit\platform\runner\JUnitPlatformRunnerTests.java","302","3","314","4","1","1","94","13","1","0"
"C4514","130~CloneInstance","C917","L103","C:\Users\Sokaina\Downloads\Versiones-Junit5\junit5-r5.0.1\platform-tests\src\test\java\org\junit\platform\runner\JUnitPlatformRunnerTests.java","316","3","327","4","1","1","94","12","1","0"
"C4504","120~CloneInstance","C913","L103","C:\Users\Sokaina\Downloads\Versiones-Junit5\junit5-r5.0.1\platform-tests\src\test\java\org\junit\platform\runner\JUnitPlatformRunnerTests.java","343","3","355","4","1","1","75","13","1","0"
"C4505","121~CloneInstance","C913","L103","C:\Users\Sokaina\Downloads\Versiones-Junit5\junit5-r5.0.1\platform-tests\src\test\java\org\junit\platform\runner\JUnitPlatformRunnerTests.java","357","3","369","4","1","1","75","13","1","0"
"C4515","131~CloneInstance","C917","L103","C:\Users\Sokaina\Downloads\Versiones-Junit5\junit5-r5.0.1\platform-tests\src\test\java\org\junit\platform\runner\JUnitPlatformRunnerTests.java","371","3","382","4","1","1","94","12","1","0"
"C4516","132~CloneInstance","C917","L103","C:\Users\Sokaina\Downloads\Versiones-Junit5\junit5-r5.0.1\platform-tests\src\test\java\org\junit\platform\runner\JUnitPlatformRunnerTests.java","384","3","395","4","1","1","94","12","1","0"
"C4597","159~CloneInstance","C946","L103","C:\Users\Sokaina\Downloads\Versiones-Junit5\junit5-r5.0.1\platform-tests\src\test\java\org\junit\platform\runner\JUnitPlatformRunnerTests.java","581","4","598","85","1","1","242","18","1","1"
"C4598","160~CloneInstance","C946","L103","C:\Users\Sokaina\Downloads\Versiones-Junit5\junit5-r5.0.1\platform-tests\src\test\java\org\junit\platform\runner\JUnitPlatformRunnerTests.java","617","4","634","85","1","1","242","18","1","1"
"C4604","162~CloneInstance","C949","L103","C:\Users\Sokaina\Downloads\Versiones-Junit5\junit5-r5.0.1\junit-platform-surefire-provider\src\test\java\org\junit\platform\surefire\provider\JUnitPlatformProviderTests.java","143","2","154","3","1","1","72","12","1","0"
"C4605","163~CloneInstance","C949","L103","C:\Users\Sokaina\Downloads\Versiones-Junit5\junit5-r5.0.1\junit-platform-surefire-provider\src\test\java\org\junit\platform\surefire\provider\JUnitPlatformProviderTests.java","156","2","167","3","1","1","72","12","1","0"
"C5191","420~CloneInstance","C1148","L103","C:\Users\Sokaina\Downloads\Versiones-Junit5\junit5-r5.0.1\junit-platform-engine\src\main\java\org\junit\platform\engine\support\descriptor\ClasspathResourceSource.java","108","2","119","3","1","3","3","12","1","0"
"C5193","422~CloneInstance","C1148","L103","C:\Users\Sokaina\Downloads\Versiones-Junit5\junit5-r5.0.1\junit-platform-engine\src\main\java\org\junit\platform\engine\support\descriptor\ClassSource.java","135","2","145","3","1","3","3","11","1","0"
"C5209","427~CloneInstance","C1150","L103","C:\Users\Sokaina\Downloads\Versiones-Junit5\junit5-r5.0.1\junit-platform-engine\src\main\java\org\junit\platform\engine\support\descriptor\CompositeTestSource.java","70","2","80","3","1","3","1","11","1","0"
"C5207","425~CloneInstance","C1150","L103","C:\Users\Sokaina\Downloads\Versiones-Junit5\junit5-r5.0.1\junit-platform-engine\src\main\java\org\junit\platform\engine\support\descriptor\DirectorySource.java","77","2","87","3","1","3","1","11","1","0"
"C5192","421~CloneInstance","C1148","L103","C:\Users\Sokaina\Downloads\Versiones-Junit5\junit5-r5.0.1\junit-platform-engine\src\main\java\org\junit\platform\engine\support\descriptor\FileSource.java","103","2","113","3","1","3","3","11","1","0"
"C5258","433~CloneInstance","C1166","L103","C:\Users\Sokaina\Downloads\Versiones-Junit5\junit5-r5.0.1\junit-platform-engine\src\main\java\org\junit\platform\engine\support\descriptor\MethodSource.java","134","2","143","3","1","1","22","10","1","0"
"C4248","99~CloneInstance","C804","L103","C:\Users\Sokaina\Downloads\Versiones-Junit5\junit5-r5.0.1\platform-tests\src\test\java\org\junit\platform\engine\support\descriptor\DemoClassTestDescriptor.java","45","10","62","47","1","2","104","18","1","1"
"C4249","100~CloneInstance","C804","L103","C:\Users\Sokaina\Downloads\Versiones-Junit5\junit5-r5.0.1\platform-tests\src\test\java\org\junit\platform\engine\support\descriptor\DemoMethodTestDescriptor.java","52","29","69","47","1","2","104","18","1","1"
"C4190","92~CloneInstance","C789","L103","C:\Users\Sokaina\Downloads\Versiones-Junit5\junit5-r5.0.1\platform-tests\src\test\java\org\junit\platform\engine\support\hierarchical\HierarchicalTestExecutorTests.java","68","3","79","47","1","1","121","12","1","1"
"C2206","32~CloneInstance","C311","L103","C:\Users\Sokaina\Downloads\Versiones-Junit5\junit5-r5.0.1\platform-tests\src\test\java\org\junit\platform\engine\support\hierarchical\HierarchicalTestExecutorTests.java","86","3","95","54","1","1","61","10","1","0"
"C3268","64~CloneInstance","C546","L103","C:\Users\Sokaina\Downloads\Versiones-Junit5\junit5-r5.0.1\platform-tests\src\test\java\org\junit\platform\engine\support\hierarchical\HierarchicalTestExecutorTests.java","88","3","97","45","1","1","61","10","1","0"
"C4566","147~CloneInstance","C934","L103","C:\Users\Sokaina\Downloads\Versiones-Junit5\junit5-r5.0.1\platform-tests\src\test\java\org\junit\platform\engine\support\hierarchical\HierarchicalTestExecutorTests.java","85","3","96","52","1","1","100","12","1","0"
"C2207","33~CloneInstance","C311","L103","C:\Users\Sokaina\Downloads\Versiones-Junit5\junit5-r5.0.1\platform-tests\src\test\java\org\junit\platform\engine\support\hierarchical\HierarchicalTestExecutorTests.java","110","3","119","54","1","1","61","10","1","0"
"C4567","148~CloneInstance","C934","L103","C:\Users\Sokaina\Downloads\Versiones-Junit5\junit5-r5.0.1\platform-tests\src\test\java\org\junit\platform\engine\support\hierarchical\HierarchicalTestExecutorTests.java","109","3","120","52","1","1","99","12","1","0"
"C4578","153~CloneInstance","C938","L103","C:\Users\Sokaina\Downloads\Versiones-Junit5\junit5-r5.0.1\platform-tests\src\test\java\org\junit\platform\engine\support\hierarchical\HierarchicalTestExecutorTests.java","129","2","148","3","1","1","181","20","1","1"
"C4579","154~CloneInstance","C938","L103","C:\Users\Sokaina\Downloads\Versiones-Junit5\junit5-r5.0.1\platform-tests\src\test\java\org\junit\platform\engine\support\hierarchical\HierarchicalTestExecutorTests.java","150","2","169","3","1","1","182","20","1","1"
"C3269","65~CloneInstance","C546","L103","C:\Users\Sokaina\Downloads\Versiones-Junit5\junit5-r5.0.1\platform-tests\src\test\java\org\junit\platform\engine\support\hierarchical\HierarchicalTestExecutorTests.java","206","3","215","43","1","1","60","10","1","0"
"C4191","93~CloneInstance","C789","L103","C:\Users\Sokaina\Downloads\Versiones-Junit5\junit5-r5.0.1\platform-tests\src\test\java\org\junit\platform\engine\support\hierarchical\HierarchicalTestExecutorTests.java","208","3","219","38","1","1","122","12","1","1"
"C4568","150~CloneInstance","C935","L103","C:\Users\Sokaina\Downloads\Versiones-Junit5\junit5-r5.0.1\platform-tests\src\test\java\org\junit\platform\engine\support\hierarchical\HierarchicalTestExecutorTests.java","198","2","223","3","1","1","200","26","1","1"
"C3270","66~CloneInstance","C546","L103","C:\Users\Sokaina\Downloads\Versiones-Junit5\junit5-r5.0.1\platform-tests\src\test\java\org\junit\platform\engine\support\hierarchical\HierarchicalTestExecutorTests.java","233","3","242","52","1","1","64","10","1","0"
"C2208","34~CloneInstance","C311","L103","C:\Users\Sokaina\Downloads\Versiones-Junit5\junit5-r5.0.1\platform-tests\src\test\java\org\junit\platform\engine\support\hierarchical\HierarchicalTestExecutorTests.java","259","3","268","52","1","1","62","10","1","0"
"C4582","156~CloneInstance","C940","L103","C:\Users\Sokaina\Downloads\Versiones-Junit5\junit5-r5.0.1\platform-tests\src\test\java\org\junit\platform\engine\support\hierarchical\HierarchicalTestExecutorTests.java","253","2","277","3","1","1","199","25","1","1"
"C3271","67~CloneInstance","C546","L103","C:\Users\Sokaina\Downloads\Versiones-Junit5\junit5-r5.0.1\platform-tests\src\test\java\org\junit\platform\engine\support\hierarchical\HierarchicalTestExecutorTests.java","287","3","296","43","1","1","60","10","1","0"
"C4192","94~CloneInstance","C789","L103","C:\Users\Sokaina\Downloads\Versiones-Junit5\junit5-r5.0.1\platform-tests\src\test\java\org\junit\platform\engine\support\hierarchical\HierarchicalTestExecutorTests.java","289","3","300","39","1","1","122","12","1","1"
"C4569","151~CloneInstance","C935","L103","C:\Users\Sokaina\Downloads\Versiones-Junit5\junit5-r5.0.1\platform-tests\src\test\java\org\junit\platform\engine\support\hierarchical\HierarchicalTestExecutorTests.java","279","2","304","3","1","1","200","26","1","1"
"C2209","35~CloneInstance","C311","L103","C:\Users\Sokaina\Downloads\Versiones-Junit5\junit5-r5.0.1\platform-tests\src\test\java\org\junit\platform\engine\support\hierarchical\HierarchicalTestExecutorTests.java","312","3","321","52","1","1","62","10","1","0"
"C4583","157~CloneInstance","C940","L103","C:\Users\Sokaina\Downloads\Versiones-Junit5\junit5-r5.0.1\platform-tests\src\test\java\org\junit\platform\engine\support\hierarchical\HierarchicalTestExecutorTests.java","306","2","330","3","1","1","199","25","1","1"
"C1596","19~CloneInstance","C177","L103","C:\Users\Sokaina\Downloads\Versiones-Junit5\junit5-r5.0.1\platform-tests\src\test\java\org\junit\platform\engine\support\hierarchical\HierarchicalTestExecutorTests.java","351","3","362","89","1","1","61","12","1","0"
"C1598","22~CloneInstance","C178","L103","C:\Users\Sokaina\Downloads\Versiones-Junit5\junit5-r5.0.1\platform-tests\src\test\java\org\junit\platform\engine\support\hierarchical\HierarchicalTestExecutorTests.java","351","3","360","73","1","1","53","10","1","0"
"C4221","96~CloneInstance","C794","L103","C:\Users\Sokaina\Downloads\Versiones-Junit5\junit5-r5.0.1\platform-tests\src\test\java\org\junit\platform\engine\support\hierarchical\HierarchicalTestExecutorTests.java","348","3","360","73","1","1","77","13","1","0"
"C1597","20~CloneInstance","C177","L103","C:\Users\Sokaina\Downloads\Versiones-Junit5\junit5-r5.0.1\platform-tests\src\test\java\org\junit\platform\engine\support\hierarchical\HierarchicalTestExecutorTests.java","396","3","409","107","1","1","61","14","1","0"
"C1599","23~CloneInstance","C178","L103","C:\Users\Sokaina\Downloads\Versiones-Junit5\junit5-r5.0.1\platform-tests\src\test\java\org\junit\platform\engine\support\hierarchical\HierarchicalTestExecutorTests.java","389","3","400","75","1","1","53","12","1","0"
"C4222","97~CloneInstance","C794","L103","C:\Users\Sokaina\Downloads\Versiones-Junit5\junit5-r5.0.1\platform-tests\src\test\java\org\junit\platform\engine\support\hierarchical\HierarchicalTestExecutorTests.java","386","3","400","75","1","1","78","15","1","0"
"C5023","360~CloneInstance","C1086","L103","C:\Users\Sokaina\Downloads\Versiones-Junit5\junit5-r5.0.1\platform-tests\src\test\java\org\junit\platform\engine\support\hierarchical\SingleTestExecutorTests.java","39","2","49","3","1","1","164","11","1","1"
"C5024","361~CloneInstance","C1086","L103","C:\Users\Sokaina\Downloads\Versiones-Junit5\junit5-r5.0.1\platform-tests\src\test\java\org\junit\platform\engine\support\hierarchical\SingleTestExecutorTests.java","51","2","61","3","1","1","164","11","1","1"
"C5260","436~CloneInstance","C1167","L103","C:\Users\Sokaina\Downloads\Versiones-Junit5\junit5-r5.0.1\junit-platform-engine\src\test\java\org\junit\platform\engine\test\event\ExecutionEvent.java","95","2","104","3","1","1","42","10","1","0"
"C5245","430~CloneInstance","C1162","L103","C:\Users\Sokaina\Downloads\Versiones-Junit5\junit5-r5.0.1\junit-vintage-engine\src\main\java\org\junit\vintage\engine\discovery\ClasspathRootSelectorResolver.java","32","2","42","3","1","1","62","11","1","0"
"C5246","431~CloneInstance","C1162","L103","C:\Users\Sokaina\Downloads\Versiones-Junit5\junit5-r5.0.1\junit-vintage-engine\src\main\java\org\junit\vintage\engine\discovery\PackageNameSelectorResolver.java","32","2","42","3","1","1","62","11","1","0"
